mint,sources,protocols,symbol,name,decimals,is_verified,pool_count,sample_pools
13k8ewTF263vSq8Uxs1Xvi46kgdpxGAjzLuSiqu88U71,pumpportal_ws,pumpfun,,GD01,0,,0,
14aArwqCPZmPceCGLibukjGDzAUsBoa6xwE1Bwr4pump,pump_program_sell,pumpfun,,,6,false,1,2F6hJ6BTbEWft2WSEyPmAyG757aYGsaY2TskjM5i8wGR
21dPKwRBfDVVwQPyJDvgPY8sWi6y42Js5BBPEcQQpump,pump_program_sell,pumpfun,,,6,false,1,FzeNBHgJchAvQv1Gj6NSS2BpZEnRrRefH3bCrKYm3UkX
23kaqNVHmycGfy2Rf8p3TpA39yrMTPMXg5STkwhVpump,pump_program_sell,pumpfun,,,6,false,1,8htygbVocjNBRoGEprajAUETUuaRC2YykUPfdesevxNp
26vZQ8bHEemf9h62Q1Fcgr8QfFDRtsmFduGsMRDZpump,pump_program_sell,pumpfun,,,6,false,1,FfsnTBJK4cYWFhtjSgDcHLzxHs48wurScGsCny5EJLNW
2AoE7vRMHFR1H7h8R5Zy29urC112htBD63MhcjKwpump,pump_program_sell,pumpfun,,,6,false,1,3P3ks3YJ9CEV8hGE8WPcoLWYp59MsDtjpY1FVRgr5mmm
2bnuGoGWcLacaGwmPGy2pAqizRkoEdiiP5THH7iWpump,pump_program_sell,pumpfun,,,6,false,1,9tiaARSk1As1ChU9rotTx6uhFZnbUxfmVJow2KLdexhL
2EonxbRBmysGteDPRHy86VxGT3ZiWvG3kcSirNkrpump,pump_program_buy,pumpfun,,,6,false,14,4R7dmCFF5aa4Db9nEpTAQ8eQNgK16qXqDEAMskGuJctU
2FMmTGG23N383aNovVTjSjvz8bNissE9jXzzsq9hpump,pump_program_buy|pump_program_sell,pumpfun,,,6,false,5,DL8ypuAQ85HeNqTrGswyegEYJXznYnr4jNzpW5qCzcyU
2fmrEjX8WjmWfSfr77rGAv3p9LdYEck9jxHJhu6Xpump,pump_program_sell,pumpfun,,,6,false,1,FpurCBign23CaBCguqR2y3nZsWSPYeofpTZUsKcstUbv
2ftV68TBW6vyQURUgdXVArppXmvH9DnERYDwF64Nd1dP,pump_program_create,pumpfun,URINBOEV,Mukhammadali Urinboev,6,false,1,3NjZLbDLjWBaDFNkhA5xPwPP7xqR5hTfpkuzGMnronAx
2J6jrWKwnHAnDPKy5qTUs9DVV5PFW11CKLCMnS4opump,pump_program_sell,pumpfun,,,6,false,1,HhUwPefHyBEpzfcNK8MPky2c6Kr46ca3ynFP249FCxvG
2jpe9AVFRYEt85yNzUjGZpeKRENEFYHGWHhpw8h4pump,pump_program_buy|pump_program_sell,pumpfun,,,6,false,15,9L7VpygakytyFwvz3CrnTFW2FSFgZG6naHRGXnCxy85U
2jX9SUSQRPep6yY4UjrrZMS7dF7p2o4Sea8wifBbpump,pump_program_buy|pump_program_create_v2|pump_program_sell,pumpfun,tst,test,6,false,24,HuWRuWq4RhAry9yt32mCMFfGNqxRj8wKRcpPb3q4qEnB
2Koq842oqgheKHTAFxbHxRrFEQVBJb211dy8gDNfpump,pump_program_buy,pumpfun,,,6,false,1,Frctuju5R2Udat54hxQBPwNaEDDxhgYcGGd5Z4MNdnxt
2KXizahP6YuxWWzQz6Gw9EKUjJh1cetjU3m7hX2Cpump,pump_program_buy|pump_program_create_v2|pump_program_sell,pumpfun,SLEEPCOIN,buy and sleep,6,false,16,3ysjxCWjeXwiy5g5LM1ybskXzmaMK9B51QeopENBH5n6
2LyFtVsVgqmFkJTrJ5gak3jmoFJLp9oWPhfistU8pump,pump_program_buy|pump_program_sell,pumpfun,,,6,false,4,A4t9mv7ZRB7FBTZGrvgFmCa8VASXxLYe65PydyrsCRGG
2mCrs9fdtkNxDYxnHqDGcwCfcKocLnbgVcbC7VA9pump,pump_program_create_v2|pump_program_sell,pumpfun,dms,cented twit dms,6,false,3,9n2KdggDRN7k2tqr48xe1oXyi5UdFt4NUAZPompEUfh2
2mve7iPcQz9dXNigiNcTomP1Qg7HgoeVqinhRpL9Dgna,pump_program_buy|pump_program_sell,pumpfun,,,6,false,2,Emry15FErH4LxYCjHNNzAQVRoZgjaXWdtr1A8iQUMukw
2MXuYkVyvvLkY4YpLZ2RmNPwf1tffB71xrK4ENXypump,pump_program_buy|pump_program_create_v2|pump_program_sell,pumpfun,2424,23424,6,false,123,EnNAVfiUggqJzXy5MDkRFpLtk1YKnCUUPCGZ2LTE3Ags
2mZdfdf6b8mhWkGuqhxnBRarLzKFV9HpZtKL1Swx3MFf,pump_program_buy|pump_program_create|pump_program_sell,pumpfun,HAKIMI,Achraf Hakimi,6,false,14,6fBxE8HGwLC9j6U51sLPqHKsuCsdazGMCnuXRSHoevGE
2NPJZQTVpaxqoA8F5BNKFeGLXQX3qBHrYhqZKtPzpump,pump_program_sell,pumpfun,,,6,false,1,HX9BTFat8FMHFiV6TSgkQ9ouHUJfhMgcxs5ckqpWJ3yy
2p7kvsyJaqMKcPQ3cGNX5BBeHCDatPGBnXtb6o6kpump,pumpportal_ws,pumpfun,WCSTARS,THE NEXT WORLDCUP AT 30K HELLO??,0,,0,
2qLvtaBR2oerdHAh211SwAPsGtWxfREsdG4jcrsrpump,pump_program_sell,pumpfun,,,6,false,2,CvorvWNnuz5xsZp58RHfwZWzb4B5gcmFpzAUEvnqibgs
2QwSafUKuaLydV11zJcLKvDNiRHwP337UMzg3wxjpump,pump_program_sell,pumpfun,,,6,false,1,G7T1sMZYW6Z8gdkRiezc7GtGs4W8pekhDRgyz9aMgfTp
2RE3dXRTpLQRzHXGzQN6S2HpEwnHxPUKq13Se2qopump,pump_program_sell,pumpfun,,,6,false,1,F1wGeVuJNHhpuCr3nMVVeasd6PhjWji3FEA9Cr43QctZ
2t6KUWaWiYtg6YzbgN1v2RbtQuE8H4GGMDNy3EwTpump,pump_program_buy|pump_program_sell,pumpfun,,,6,false,12,7MRba1QXrTSLqRxfW71fQ2JuCSJFk8eWZzEJXWB437fG
2Tq997ZehVWa3qNJ6KQLRo5FKp4SAqvs1jKaAyrcpump,pump_program_buy,pumpfun,,,6,false,1,6HQAyN6xjsempoUGUndURw8BKhNp6EzW3PuTGuhDBLuB
2tvnmqcSbtbMvQ4SoF7fdtcNgB1TvRCF4jj6ZoBBpump,pump_program_buy,pumpfun,,,6,false,1,He9wmBajnnruvF1JShXg5tXKx4PLuR6U948hPa7Vcvih
2tXTwYKbMbNvoAg8kaivNab1AYAgPisjcXszFj2RpdwC,pump_program_buy,pumpfun,,,6,false,3,2m82oVU9pQ36bpCXS1W95YKYUPkWpr4qQjbcnNcYtEzs
2U9LubPWVFR4EH2iHns1Y9JWmoanHv3wDQD7HBL8pump,pump_program_sell,pumpfun,,,6,false,1,5ipadwpXWrzEYTyUVLwAPMY4vYDwMmqYtgMJGwAoyv8V
2VqMFnGKcuWf2Dce1a36BVczGE57ejiHwUhUMSuEpump,pump_program_sell,pumpfun,,,6,false,1,HQs8imoJzB7dnTF8URXJ31N3FwPVixFg25WMBnYH69go
2w9QwLqWcUtQo9WEWPQnVEQRY4yopCpT7QcEyJeepump,pump_program_sell,pumpfun,,,6,false,1,CpGhK8u5Zy5Rjs8VHzLQh9DLc8x8KmpMEdCBE1LpWjwg
2WifxtmmjYCwkjjDei3Y71PqhjjX8fPVFersDh8mpump,pump_program_sell,pumpfun,,,6,false,1,DGSBPzE83VzC3s8sKsPdAe3xhZkQFG4wrs4Q59EvEah
2WLqmbAfBwwSoNywm2nxXwmcZNAkHcwJ1NDqJjyjpump,pump_program_buy|pump_program_create_v2|pump_program_sell,pumpfun,Catstro,Fidel Catstro,6,false,4,2YFAdWQgHg4J85yob6Vb8S9PeLS3e79527GyZivQFg49
2Zphj3AZPWUqobg4unifBTtTyzksWCwJFmTQEfVApump,pump_program_sell,pumpfun,,,6,false,1,Ds2kbuZzA8YVCmXRYy9RkGn9ZHG1Fs8kye8GzAf7dpSC
2ZvTQyTnPTqTMiMw5kPzUtSJbRH2WAdv8YP2KR5Lpump,pump_program_sell,pumpfun,,,6,false,1,EtQGwMmfZUph5hR75UWg7Uv8btDybtQ7YPdVeEAQTbKs
34demJZGXwuxRHP6Pj8T1C1JY6cfRnzAhbPCGCWMpump,pump_program_buy,pumpfun,,,6,false,1,5CNwwyraPiwdQrvVuLpTC35EM2BDJPeHogBJg8UpxZtJ
39PoX3vDJnqQ3iSRMW5qqzA5PqrqsmFB6CNK8Mb8pump,pump_program_sell,pumpfun,,,6,false,1,L4GEBnshQG5MpPGLo8KCSBs6mLg4jtsin7FXwwALp7r
39SmWkwske9Y7yKsJqziE5BAFvvUBYqbg5vxGtYtpump,pump_program_sell,pumpfun,,,6,false,1,BhvMHGbSiXa3gDo8s1jYKusERZVSKWyMXoR68fJgAdzB
3AgGvUc2LUnmgdXgbBYiL95u4UwiMNof6GZ7aEtGpump,pump_program_sell,pumpfun,,,6,false,1,Gn3w2wFSpyGKRh7uVGzZjPiYgf8goRbwuyfMhC6cUkP4
3BkQwBGKB3QqsELCLaRW18zhbFDMBdm2R2FtR2JqSPKN,pump_program_create,pumpfun,DEST,Sergiño Dest,6,false,1,HQybHrdzXEdMGEhn5y4kL441dg8V8iL8S6t79ZeNfyeh
3By7N8SVuNbY4hf3tcfeaP3ScU8CKCjrjrEvvnmVpump,pump_program_buy|pump_program_sell,pumpfun,,,6,false,14,64ACHMYm8VDtKAybSjqruU1kwmFyw1SGsTDFr47RB9Ca
3C81A8tTrM5Y6gicFZwL5NpEDFqsrXFbYVYWAhBypump,pump_program_create_v2,pumpfun,WHTF,CHECK PIC OF MAIN,6,false,1,GwPWdsSfrR8hZh8p9GYgV7FoHPoc2qW5ym1NtkUakT7Z
3c8Jzhk7Gzzz3Gc22G2u5hbH3L6CarpNbW3759v3tysZ,pump_program_sell,pumpfun,,,6,false,1,D6twvkKypxCyAK9uwi7Vdya444PCmMH8y8sHPo5NrUtF
3dgyAJtHLWmdPTt7ZyxXJqepnW2f8xYeb7BULMHkpump,pump_program_buy,pumpfun,,,6,false,1,cyUrH4QSXGD8hH3bDLWnXhQCdRYHvGZ65wEGhVJ1RAG
3ehDYLWEufxREAMsjA3X44QBh48Yg7j7XBA64VpvM24a,pump_program_buy|pump_program_create_v2|pump_program_sell,pumpfun,KEM,Kem,6,false,4,VWbtVAzwDHvgKCuggWSS7C1ui8JFTNiPW3XbSAfyWWE
3FcSradAiETa5jybw8x6tNCw19iP1QA62ojATvLDpump,pump_program_sell,pumpfun,,,6,false,1,FpGDyEAbofeLuQXXG1hKBj19mqB8MzKu5PaVq7oE8io7
3k5oxDh9GsJTt212QKEzNUZisYEwqz6aHpu4KB4Jpump,pump_program_buy|pump_program_sell,pumpfun,,,6,false,5,F5XbkV4keGi9JDzRCWpV1Ve4f3eH46c7SnPasRNPWgyp
3m6w2v1Bygye7AYRHLFBXGGWHzPmsN661GVLEiYhpump,pump_program_sell,pumpfun,,,6,false,4,CZF7rvc9ancaKajH8RetBoxwx4w2mxP4VALKghvJHrWo
3Mda89jS2dhAicBFpiEadULBpAd12NqUTJshxu7epump,pump_program_sell,pumpfun,,,6,false,3,AqQPm4DYbJFxx1vXct7uAdakgEkqNkPhJcGTXvwBqyZP
3n34DkYCFNPcp5XLzjPBDJmeasPi8hjzMSn27TYvK7da,pump_program_sell,pumpfun,,,6,false,1,5BRt5qpyCgizSyRuUgAKCpoXfNN2P8CwUzCZNbFivSyt
3nuKB1LaaQwZG9XXHj432oR3fsnuAH3MHfGY3QpZpump,pump_program_sell,pumpfun,,,6,false,2,BMDvTRcm4eDrjxPPmBBd8sjisuYLDbVYmds7pX23yrs1
3ocKLJKM2G8hxDUjCgjz8rhhMJw1fG1fbFtudHyDpump,pump_program_sell,pumpfun,,,6,false,1,Eo9KStnKBDi8HQhVfLquc4qZu7XN6Ng5ou5NQrurWA3R
3PBw2pLoqXr5W5dH2jyzkz7EZTq8Mv9Hke5ouTGtpump,pump_program_sell,pumpfun,,,6,false,1,CD5j14h33mZu9c8RetJyp8VjYkw85nZgx9G2pNRAsrHr
3Ppx5DbQ9fBkFf4steise4Ej9NW3Qay45KZ5YZxRpump,pump_program_buy|pump_program_create_v2|pump_program_sell,pumpfun,VND,Vietnam Coins Enthusiast,6,false,4,GqHZuWVxHxvH39yLUeY5NV6YU8Az4LS3Nu1adbS69YZG
3Sv7DMhZ2oLm8Y61wZB8kiQHFBCrTj4YgXbkvLMZpump,pump_program_sell,pumpfun,,,6,false,1,6Ljbeo1TcqEnwBzU6zptMwfctSD6QdvTDSNgHDR2Aruu
3Xu8Br69WNcfvecTqEW64cG58eC4bpf64fFZe4w835io,pump_program_buy|pump_program_sell,pumpfun,,,6,false,7,dDW1WGSriPGr2q62CKYWLs8m2LgUr6P3PEVnZWPvCHy
3YGanjaBvNrFx5Y2YVzHJfpcHTPQsxqdCo789RPYH19a,pump_program_sell,pumpfun,,,6,false,1,3kvNNihPXkmPKtV1hR1DGhnkabMtq8hDLrebfjMSA813
44AE7knMkprzeTpe9kbnDiomJF1dKrhdC9aV5X27F6fR,pump_program_create,pumpfun,DEJONG,Frenkie de Jong,6,false,1,3847nNLgXgajBxKhWnLRuoP3swtT2MJPKSNYhBazirwj
4aQhLHLHGX8boRQxCqEDDmdX1apV8grLftQVDb9fpump,pump_program_sell,pumpfun,,,6,false,1,BENCRZh7K5VkiLDaPfiRhSW3ZyxirydbxGi4ZRz3dL8T
4BSx5ucb826B1stvncjLhbmvV15itRQ5iiZsLBvspump,pump_program_sell,pumpfun,,,6,false,1,BYVmtEgDThfkLLYKP22pErkH4JtR1quQ766j3K4bXeYw
4CAYTifvwvB3C1EcUQaTxgxUXXNEYqfpJxbotuGkpump,pump_program_create_v2|pump_program_sell,pumpfun,ChatGPT,HexagonSaturn73,6,false,2,66M3RtY3r1FR4n7jdGekQfhvR4nVvrAABnetqjoG6Ukm
4cNyFUaGAsdQcovzfHSgfncCQHjdizs5VFaV1KfA1uyS,pump_program_buy,pumpfun,,,6,false,2,4tFev3eALn7P4cBYKC37JK3SStTxamdKtpa7pXaiWuQM
4CyTuynN4nva26UfbDh6bE6fQeNZqTuAtYSV6qevpump,pump_program_buy|pump_program_create_v2|pump_program_sell,pumpfun,ChatGPT,HexagonSaturn73,6,false,393,9nJDRVx4kUyTxkqpqcwwn1KiYcDgFiYhJLVe6GUsmPyi
4DbaSWS3jYHEmQQP2jGHLz2PMHrmzbWNZynM32YFpump,pump_program_buy,pumpfun,,,6,false,1,6ebTnFyQJvdSthVJdkgYyzw5aSSFm5c3C4BDumvQho3o
4dGrrfxbQ1gegiyZTkzBWx7FKk65hC5n3idengc7pump,pump_program_buy|pump_program_create_v2|pump_program_sell,pumpfun,Aineko,Aineko,6,false,8,8ZvtEuUJJSz2VL194vv9DSvmK7xf61JAEcGFBGriLK9j
4eGnQugwauKQLtQtkWttsaxsyZMiFGatYMSn73oZpump,pump_program_sell,pumpfun,,,6,false,1,2KnH3Ew6t2rw62sdtiAf99HQQC14PqarvTStrkAYKa1o
4ELxSDrqPz7GP18o1D3SBZjU5aGHKcaaVsFnzUmBpump,pump_program_sell,pumpfun,,,6,false,1,EUftBDN15EUAHnSkztMoF8RwBpxX8zkncDadRNbxerYc
4fgGavkm9y2Ps5bncJNVw6uC5EaHRey6iFgPbrJJpump,pump_program_buy|pump_program_create_v2|pump_program_sell,pumpfun,USZILLA,TRUMP ZILLA,6,false,129,BoFHHjUH5WTmF4nkzM6wKSn8zvnAyN8fiLKBuguGvCLd
4G241eNE1CeLkk2rUQFHDd2btibnJPzRL7UKWLiHpump,pump_program_buy|pump_program_sell,pumpfun,,,6,false,176,2NZ34mfZbuvNg842RmQ28PYxeZQAt1DnbZ6RfJKnWVG6
4i75F8LbgiiS7nSYC5kT4nZhehJtafSHrj5HDX99pump,pump_program_buy|pump_program_sell,pumpfun,,,6,false,3,5YnKM5YH3San8QhCQAmXmXPGa3HuZZYvMsLBHgCeN9EH
4iXyu4GnFeDK7wMNkgN1EBDZfgFceSFBkBXZ8a1wdDNj,pump_program_sell,pumpfun,,,6,false,1,2Ciz3jqfXt4CXj7yDHEP3DDmRjuH3nyqUQGHg1P8XvAR
4iZVXzWAoobjYAsFSMK7fnpqT1DB31Nj9oRtiiSKxqUB,pump_program_sell,pumpfun,,,6,false,1,5EL3seH1Qewc3ehxv7Mk1TAgxvrWiWahKyH7FgWezjNG
4Jv2ThE3i6aZQrUWnSgaGdx7chNYMoNpRu9m4Bcjpump,pumpportal_ws,pumpfun,GD01,GD01,0,,0,
4nQxJXbRAgYH6qemJ5WU4wJV3H7dLxmZ2s388q7jUToA,pump_program_buy|pump_program_sell,pumpfun,,,6,false,4,Am73BZJ3TRg6ymWefM3eHENXqZXgrnRPjAeB9GzSTyhH
4oJ2oY7rBVtrwHnN1iY65H5MkrSQ5zSxkKELKoLzpump,pump_program_sell,pumpfun,,,6,false,3,5mFXgFbutYLY1DpRamcGaNze7Sru7ufu1gkPAA3zPVzD
4PAmK3xXS4zZKpU2KjSKWxVA6SjmT6w7DtFi2kKjpump,pump_program_sell,pumpfun,,,6,false,1,HEY8AtgGhKJ6jWSTWmJQQgVxinxjgrvFBTJ113t4rcM3
4WU3m6TXCafQqxJGWkmvV6JD5A6FxVtNBEY55vtgpump,pump_program_sell,pumpfun,,,6,false,3,BphLxMGttqH5bhuv8uRMz8QQH47sG8jqbtDfFLvX3qc2
4WunLHWF15mejAmVUpx6ZJfwKRDmix6qKXNR8HkQpump,pumpportal_ws,pumpfun,BALL,BEST PLAYER OF WORLD CUP HELLO??,0,,0,
4XLRKLFQF5AfXRQujjK1J9pTKN6UHSuFxu4s32Jspump,pump_program_sell,pumpfun,,,6,false,1,8HKZbDWA1ived7ginwVFJsHGRbGjLNgNbYjmxQVoudHp
4xnji19y9cUa4qzx29twYowH29S5zQ5q8H6DW8oqHPp2,pumpportal_ws,pumpfun,KALLIK,Kallik,0,,0,
4Y4NcJwPDBEVTkqpGZ5siwtoxpGhe6eWgt4sjgTppump,pump_program_sell,pumpfun,,,6,false,1,2C2QDroaUQtHH2rn88WF7obbFyrjsTqm3h68KMi5726R
4YoDL3Gw2PbAAfWnckMVydPtje5WWmUH4ukf8Ks2pump,pump_program_sell,pumpfun,,,6,false,8,C3FzGnGXCXcTna64AXv37nUfZLZZjpQ9K5dKTFcNRXfy
4ZyK9aGCQWE7YYGVuyFqtjEQK75P2C2aedpcEpBepump,pump_program_buy|pump_program_create_v2,pumpfun,chinagirl,china girl,6,false,2,8vZGQq6g6wijfCoKWwcNVjQqmJCYzyn9mQR2AwVDBDWN
54xAQQCcHsxBakS5AYi3jYF6g1oakJf1Gbunrzk3pump,pump_program_sell,pumpfun,,,6,false,1,FoVgohoLWA15hWPzGkdXGyyyT5KeqPSWrrKGNy1jQmq7
55yPY5NcgksqUyBu17RgM55XP41qKeGeSwF6jXKPpump,pump_program_buy|pump_program_create_v2|pump_program_sell,pumpfun,MBAPPE,KYLIAN MBAPPE,6,false,17,D1SEKftYW4LrcEdqSsJvu7LqxGBN9QkYvB4m7yGd6WqV
5aVmQeKLav9YERHzRkV82KnR9ufm8KFaJ7Hn9CL8dK7q,pump_program_create,pumpfun,SIMONS,Xavi Simons,6,false,1,FarckEpf9t9uKeXMfXMWSp8SvyBBBPWN3YQMK9QyX54w
5d1d8iPtVZVsdPnPUU8i8jDSDqjyGLBzYaCBtjYYpump,pumpportal_ws,pumpfun,WCSTARS,THE NEXT WORLDCUP AT 30K HELLO??,0,,0,
5d7i6LaYdRBQWiN3T3WTjq7NYNR5ueftCbBgaAQpfy3,pump_program_create,pumpfun,MENDES,Nuno Mendes,6,false,1,BCGqAbU2m4niHmHgpEJWEeJUt2iCZVos4PgDSKePhcvM
5dABCru7pvVdUSD487hePLJ8tgehY7WproB9QkoNpump,pump_program_buy|pump_program_sell,pumpfun,,,6,false,42,FmKvv1AyWhn7x4QRVTY6T35s2ihrXYPi1zakuvSr91CR
5dGtBxkF5r8uVsHSrXUrMCqHMn1Xyo1V323CQmFC77Vx,pump_program_sell,pumpfun,,,6,false,1,9UeZvT3pTcJYD9PYrNKjEeM8CYXpdVD75r9hzoHHGRiX
5ggjZxZxYCqTj9FXCmqn8pHvzLAcCnZbDVwMaeCQCR5C,pump_program_sell,pumpfun,,,6,false,3,9kaeqpAJxL5Hxk6ug18Deqdsn7AxMuwNcfN6EQVj5T1
5hc4JKkBLqw5JgzQy18Y6GvqQXQwWU6ssRDQKe5jpump,pump_program_buy|pump_program_create_v2,pumpfun,CHINA,CHINA,6,false,2,Bgng9oDD2CWTroixEcwt5qshfPPAQk56RUjCP2Af8oGD
5HCVxhx9sbnbxZjUzNS9yyT7U3sVza2AxJjhed3epump,pump_program_buy|pump_program_sell,pumpfun,,,6,false,2,7wJaV1c4KndZz7NdmkTNJc4dzeXpEQyFDbXNe88diTGh
5Hqdr9nc5ziSeJw57JVLVk2wCsZPpjKX94Dbzvhpump,pump_program_sell,pumpfun,,,6,false,1,8jvUnPHswRHqX1fmsQVccm2avm3hRget7diVs8Dm22wo
5hZB3pFzPLAsKWVRXMKb58Hn8Hn2WTYdqdsDnTXJpump,pump_program_sell,pumpfun,,,6,false,1,6xWPuHQg375SRKUqySxQPf97oH4vHGUgy2KoZui3p85r
5jGf4f2JCyGrpRfUC7G1MqP6SRh7LyrXfifktDVdEJra,pump_program_sell,pumpfun,,,6,false,2,BMJ15Aj3NcbBwgaP9fk3QL5obSg2UK99ZSmkYUaLt9VY
5JToWZ7GEP84FeAQ261Z34Q52srDbxxqZeHcKFGRZTvm,pump_program_sell,pumpfun,,,6,false,4,GLpfVtRtwaYdS3MZL87RVkF2HRe4jmbmXVYXWxXT4R2f
5K1J5pMBaS5LRddJLQ4bFCAcJUQGV1sMqoxWKjZjpump,pump_program_sell,pumpfun,,,6,false,1,5NCnnjZBPvN1gmNz9DYR5WwH4LS7UnkBzpZ4a312gYfJ
5Ki32r5dmkg5ReNtAyBCeNPNDER7wiUJErKAhYrkpump,pump_program_buy|pump_program_sell,pumpfun,,,6,false,19,ABpxq4b3djgBZ4DqsHr4p5qY2gKGW2KvpbcFu2w45gdY
5MBdLna9uXWqbmDE1GRKdX42CKbXFDYJvZ9ygNyRpump,pump_program_buy|pump_program_sell,pumpfun,,,6,false,26,3mJvVKkLWqWvkodC4RNPhKMKZs4eAfVL3vw5VXGonTQu
5mdCmSmQmmsPgvgttrhoi8p8QVuyjHbvXABhCFCApump,pump_program_buy,pumpfun,,,6,false,2,2kha1SXyQTywr7Ei6a3XwsvouX8nyEQEFKhUxzoXAv39
5n6WqgDQ2gyQT6Vf2MXMwrQrFFTorbrd3V58wHiQpump,pumpportal_ws,pumpfun,rrr,eaea,0,,0,
5oj7rZomTjknPy6q12F1W1aTd81ebekfQY9L2JnEpump,pump_program_sell,pumpfun,,,6,false,1,Bwwx9xYN9gc2WEc5MFvSjofnofSaabRj5rUZ656R9YJb
5PssigMcpd9TRBZwCBjZTXPsNECgfGH3kgEcwuTMpump,pumpportal_ws,pumpfun,PENGUIN,The Nietzschean Runner,0,,0,
5q5nsAS89nh2YwHPj4Qt9yznXiJ8goCbc2bWe6A5pump,pump_program_sell,pumpfun,,,6,false,1,AFkEL3znYBU1RpPJt9XfrmRNcadtqWJWjxeJ82Hgt8P1
5RoUMPWzqjg67kjcr5ZUwCbHkQD1iki2ghFYTRqdpump,pump_program_sell,pumpfun,,,6,false,1,3xSQizUGWy6YGc4KEMPcDUUZ7baHPibK5nfwRun43gUB
5SS6LfEct5MXqCn82RJnbuzMpTB3qGnswEN7NdUfpump,pump_program_sell,pumpfun,,,6,false,1,E6rQ2pRz6izJDqXHeR8AVPYM5iupr2eJbUMDAab5Eh9g
5XxzdkgNsW2gDLctvPQUyFn7MvHYNy92ZsJJfE6qpump,pump_program_create_v2,pumpfun,DSD,dsds,6,false,1,EpiS18Yivy6aZVfBqSaPRwNE2SRasuRiuifC5Bim9d4t
5y6XzM26p1H7kJfTghB94BwgHWXZPPF6bhNTHRRtpump,pump_program_sell,pumpfun,,,6,false,1,FETuzfBjG7Dbaff6dRPPXwKtfV9Fcsth7uvMH3yEH4ut
5ydAdoEqh4cbKj2eQq96BAomGwRcjZ3tirEo6b4pump,pump_program_sell,pumpfun,,,6,false,1,3LtXz6upP6xwEimsRPqrZ7B8wHtMjhVriNa1ZetQnA4m
5yXWJUXsJjUjVi6pyxSPK52cPpz8g7kQNiazAriEpump,pump_program_sell,pumpfun,,,6,false,2,6WDJTsgihp4oYxcfbFT6ayZCnUMDfwKW4XQhT54XPieV
63RTM5ujXc9vbYEcv5SdNxKJ1WRVBLNoTkZhHEQDpump,pumpportal_ws,pumpfun,Akyo,うまはにわ,0,,0,
65TGmjgstg1yW576VcqaCkSEoBt9p9c5PMtjgLS9pump,pumpportal_ws,pumpfun,SMOKE,SMOKE,0,,0,
66aaSbXpD6BsvHPSXYhDSU6NauPMW8HxcdTCRq5fpump,pumpportal_ws,pumpfun,Akyo,うまはにわ,0,,0,
66XxhV7wXCx6pZANk9vkAzK3S7ZYfNMS2uJStEdqpump,pump_program_sell,pumpfun,,,6,false,1,7pQyh8Zr4q7QzFYXgFKZVnJLE7RpLkt4BE7GYxDn5dJa
6AC4a1AN6yEYpg7uEG27KZ7Xix1g55WXCkoMN5ztpump,pump_program_sell,pumpfun,,,6,false,10,CKRcjNkDENeecf8cjP92CmfLgXSRP7Rm3VRQ9QfTcspu
6ADDirubTFP98aB9sA5Pp9YhSohXEZD91xsYzGRUZoXu,pump_program_buy|pump_program_sell,pumpfun,,,6,false,72,AB3XCc51NPWmqw8KNYTKaK92CVqBB1GQ5HxaXMp1PKT8
6AMMuo29otZxKBaiWZoob9H22y7Bi1YNHhbZsMdrWyUW,pump_program_sell,pumpfun,,,6,false,2,AGdsfpsWnL9byQs8AoqjEntUGZ1gXSWPQDc9BzJFjhB4
6bJ1SzDvvF16iuGVAgdZFQAzbFk98wdxHGbdMQThpump,pump_program_sell,pumpfun,,,6,false,1,CEf38REhJuQqu46iZb8cGknrevegg4VKHiv6ri28Cspj
6Bxp8eYucgwz73CxoFVu2YJFsWe1zaGYSt7QkVUGpump,pump_program_sell,pumpfun,,,6,false,1,9mX8zK2L83PvdAL4VMntxWwfwkx9JgUo1nzi3S2aNWyN
6D62mTBDifQM49tzWooi2xVaHLNd4mB9rKj68capump,pump_program_sell,pumpfun,,,6,false,1,9Vm7CxtuqYVN9irtCFhqWJ5tYajgCTy7RnDnuu2HDDCe
6EWmrN18mhmQoJszTwcHbsE8gmvvWd7YcaJF1xwhpump,pumpportal_ws,pumpfun,UNPROFITABLE,Unprofitable,0,,0,
6FvcPXNH1FBtRUpeV5m1Ks5K147tDquMZw1Sqkkepump,pump_program_sell,pumpfun,,,6,false,1,6JrtCZ3Z95QeWTbCqEzYcZ65NJvmCGAruisVTTcubE7m
6gqNhboTgmnYcgDGPwhJLtojRwz5piFEd23bFZugpump,pump_program_buy|pump_program_create_v2|pump_program_sell,pumpfun,drink,drink,6,false,18,84FLgdV9AmTYjw4h9NZEb2cowXfN5gydxJU3YKyEnTf3
6GX8JEJFFhGTLix4MZepQ2uug3arpJGMDHLF2m4cpump,pump_program_sell,pumpfun,,,6,false,1,4jZwYS3WJ9xjB9tGKFzgZioCR61tEjpKPZbay4Fmtxb4
6hZhNwxtemywb17QFXDnFZ77dWE6XfE5NT9Si3Qipump,pump_program_sell,pumpfun,,,6,false,1,8iu8pv5nrVyqKMMPbxM4mEWmGsGKoRrhucCwxdSAxskh
6kAj3VbwcPmHr66JZzGcWKqpaJaBrHDT2yDSgg6Zpump,pump_program_sell,pumpfun,,,6,false,1,57PPLpmqVwEYMAvDvDzAAxNHmGMoopy1fUndiXf74HF1
6MhMWFP581U5fq2RcjiMEaTJkp33QrrGkQVnTwkfpump,pump_program_buy|pump_program_create_v2,pumpfun,China,Xí Jìnpíng,6,false,2,BcUjTHCJFvmdersxvYdD7KCCQ4H8ph3SBaJJQearZ2qA
6oLZgNJmyn8mDLBeFGvvtS2iyjkbYXQF2ZPP8Eoupump,pump_program_sell,pumpfun,,,6,false,39,8LbSo3r8nRLXhw7iANgfpycM7ig6bVXykVX7TZXv8YkV
6oomuFkgJed4fQpk6BCvuVaJHH1C9YeAzzVESvtgpump,pump_program_sell,pumpfun,,,6,false,1,DrnRbxdGjv9KpRXbGSkm3a7FwKc9PUW73SMRQemATT5R
6QfksZ4idZhfwHZPXNGN3Gsk8SKhMvPrehjg3Z2Mpump,pump_program_buy|pump_program_sell,pumpfun,,,6,false,22,2WT1nM84t4xCGtQNko5xQUbp88sooGmPP8G2UHJapodM
6QfYnTCeVvFjM6hkeivEsxhyTYmg4a8YLsEnTiRHpump,pump_program_sell,pumpfun,,,6,false,1,Hwrv6ndn8fGRKBTYgRoAEMqUYwkL8QjGEsHLZtJiQ7Ty
6quBnFJRdfcZoyykho5vpk4w2U6FC57bEzPAqydYpump,pump_program_buy|pump_program_sell,pumpfun,,,6,false,19,3o9Bf52GQMafWokYHxE6Ap93Qhux7YZdvbZY8GYfBcPS
6r4i61LEL86SzP6b1g96Xx1G8oGFv56uA9YDowPtpump,pump_program_buy|pump_program_create_v2|pump_program_sell,pumpfun,毫无实质,Nothing Burger,6,false,9,9yZGW49Hagt8Sh5ciXjfVUHJc7Johyw3MnPtGqPJoYzq
6uJ2JFGxZwWkgCyR4FHbJht47w3bkMWebuhsFyjXpump,pump_program_sell,pumpfun,,,6,false,1,Dt88GHN1NhfWL58KyRp4GN5KyU2BFGK1HSfyNcpUGJnX
6uMjfP5iqLbtDv6fTHV2ESUS5wZ8ux8W2RiqqNDFmDKu,pump_program_buy|pump_program_create_v2|pump_program_sell,pumpfun,Aineko,Aineko,6,false,16,Ezsr9uKHqzxsfdEryTTMNJPiQvxzW1syfpwuaTLmTf2n
6uqWpjfSyJ7Fg6L19L6FeC1nEok9pWTWPVsqD91tpump,pump_program_create_v2,pumpfun,WHTF,CHECK PIC OF MAIN,6,false,1,Ccbzx4hepuT3wrknJ88FRah7PG8HoYop2MZMGPzRVkXd
6WeiWhKRHG5yEzsJEzkZ4hmqfg9hfa1dpR3qLoR23hku,pump_program_sell,pumpfun,,,6,false,1,3WGgVrEWoWdEMn1WZFELxCuhrJaN1gdjAVwRj17G8t11
6YLG1ZGFa6hF2Dj7FtBfp8fTWt9gxJ6eTL8j1m8pump,pump_program_buy|pump_program_create_v2|pump_program_sell,pumpfun,CLOG,FOAMCLOG,6,false,3,CkrvT5VNyqjVcf7NujQeD4L3s6LdEx76noJf2YHwVJrB
739uyCQBa3brTYC7qW3bocLTjWP4RbxjffdK9R9epump,pump_program_sell,pumpfun,,,6,false,1,GrJV9w5XR53aZGqyhaXj5yQx3SG4KaKnhaSMTdSGTssw
75jAgH2jR7kcRx4kvmNGiTquGS1T2umxSGxAdg9spump,pump_program_sell,pumpfun,,,6,false,1,2Huu5ZauoxspsTW5YwGSAZZt5WyuaXMQNHFgJEKy5Myi
77eue2eFCmeZsiooRqitUayvyyZbDVhnX6NHn7w3pump,pump_program_sell,pumpfun,,,6,false,1,7HGpw2xyK6jD9xyHnVTBrkExhdcNyF7dSUYTeuNjQGhH
78Qga7qrpkF6uptqepzxxce2jUaSBycnvtdRchDapump,pump_program_sell,pumpfun,,,6,false,1,9zR2VKQH1zwXDJEg21DXBVCCLKzKry85jzmPe2vMVPNP
7bcM5VbwuZx4kndNDkA9MGu1BCS6VEVuGERWgujopump,pump_program_buy|pump_program_sell,pumpfun,,,6,false,15,55DxzZnY3ycUijnqKQKcZwXZULV8aFNQzJfWpc1NcuHu
7bQsvgXfMa8cHsTQJutNJzAipAWmNDAKRE8wDdbLpump,pump_program_sell,pumpfun,,,6,false,1,7138PKKQidJZWfAtwixomd1FkXUG8LoKBZQXdFxUbURY
7cLkMrU1ShxH5DMfHhW8yZUndmAKhJgUNqwyWdyBpump,pump_program_buy|pump_program_create_v2|pump_program_sell,pumpfun,MBAPEPE,Mbapepé,6,false,85,9Q3Kag6NF6ndvVVqnWTENXTcNnfJB7tFZmVWDUdxbjDs
7dy5CWgV4rA3reJPFTwASCCoDPDuTNzuTpBTEgBi15LQ,pump_program_buy|pump_program_create_v2|pump_program_sell,pumpfun,quit,I'll never quit,6,false,35,GDkkwP4QzU7pah9kWWP1PX8VEY6jJxxvuLBQegSanqzY
7EXvrp5UcDdJoZgaDHkv3ug1sFNKMEV3SGSGw66Rpump,pump_program_sell,pumpfun,,,6,false,1,5VWkYFcmS8s9UkKUoFaPNp8mKRa9A9hNMnci7RtPstjo
7fncgsm3fy297UaK6MvwSZFDLVSyhShPkGMcusi5pump,pump_program_sell,pumpfun,,,6,false,1,D5aPtgyR4APQoCjpMNLdCcK8vR8zKGTtLYE5oecPY7Gf
7GaSuTDbcrcz89MLZyMaW5EZT3QNrXfM9xdkbcwNpump,pump_program_sell,pumpfun,,,6,false,1,FVSssf3x9YSJQhvjHRxAsUrjhaembTjVKdCr8WhC7yC2
7H8hQzmnCi2p3ga6u6s3UAHsZ9dFNjNpKtjwJVAApump,pump_program_buy,pumpfun,,,6,false,1,8kKpyKUQoZtPLvLpgxtmnTQeBGuaofuv1pDRVJPTfeJV
7hiiHspLWAgiEY2a8KcXyf2ekzP7EYN72VfvUWZJpump,pump_program_buy|pump_program_sell,pumpfun,,,6,false,18,9ALPSvh388FHD8evp3kpZLwUeBFweh3LP5d5fow2rArv
7HprHRuk5iJBHrYczfyfaqV3eFhojZLJnRxLdW7YgsVV,pump_program_buy|pump_program_sell,pumpfun,,,6,false,2,C14CqCajz9kTsMySJCT2XzdRRqgmy9mNZdK8PN6P5VyV
7HTtsFAbxwDBgquyMwNAYURTmTSYC4dQwNDPgboDXmYk,pump_program_create,pumpfun,GUILHERME,Guilherme,6,false,1,BHF2r9i4AKt3ehnSEUMnmAUkke3mqm2W3vw8HsVbWbqL
7JjT4atAws38ADz62tx1Z5vSRfPpVVZc6833ZpiPpump,pump_program_sell,pumpfun,,,6,false,1,Fmp94N9taxPkdU2FmqiL2b43SLdQof84VNQqA6fe2hoM
7jrDHHyx7TyGt4qRqkywPdNLKH7MLvKPc7cLV2wgs9sB,pump_program_buy|pump_program_create_v2,pumpfun,DUMB,INSANE READ!!!!!,6,false,2,HKhtsdjaHAnEKxnqVNrL2T9njJ9KjPhT7Ud7fD7i6HrF
7LmkcPoTQWiEJKqkLuQXqVMBu5LsKd69fvC3bTAApump,pump_program_sell,pumpfun,,,6,false,1,59Sae5DJHEQKTFKsnESMi1iwDj3Gm7b536hmPrRWtYt
7NpkTLFJnoECwANdgj9pSsQ9NPyMNmEW7CHKgbZepump,pump_program_buy|pump_program_sell,pumpfun,,,6,false,10,6MAnAMc3MGVKEpGph57Bd6i5PFPsCQX1FXJvf8fmdbvj
7RHMAsrWpYM7Qn95RFTuK2cakPrBk3br5s37TCkZpump,pump_program_sell,pumpfun,,,6,false,3,Gb6PKWj7Zz7HupJ1XdH6VrwCdgCcJMqo3QDSmemAHTsj
7SsmyyFELDDNZ8KXfhgqksvrRPTxzYjMk1q7cSGErBpf,pump_program_create,pumpfun,FAYZULLAEV,Abbosbek Fayzullaev,6,false,1,8bbgqMGQr5Aw78uK5z6fBvVhWUcZtVX2zVuYQkkcs1hB
7T3Ya597qurpkDn3dBoi1HSWGtS9vGE9rSLWNSRKERwT,pump_program_buy|pump_program_sell,pumpfun,,,6,false,9,HDKiYFQuuJcEh34jr6rv1RuFtKYdZkM4FwTjcHuKFpPq
7Ttx1XXB8kyPiR9wusf4mrwQN2dbGNYWWPs64tdgpump,pump_program_sell,pumpfun,,,6,false,1,2raBXtr7HYd6QxjxyGMHaJzwwpzbTtiwbj9QHvfNKUme
7ucqDobvPahfcDaNYooYfmvxFtQUJYXAwShAmxVvpump,pump_program_sell,pumpfun,,,6,false,1,7DpZ4qhT5xQw9n6szqwnkDgKWsc3MtkLDgQZNE3hfQao
7UPVXW93MNmoVNjKTaGNHrLfk1r9WTqMUq8WkPDPpump,pump_program_sell,pumpfun,,,6,false,3,ErNFeXr3iJwiVYg4azfs6PZ2Xsea6qFTbtVuUcNGpJTY
7uUh8WUH4cG86kpAN9q3gegsTcReGZGke1k5wJygpump,pump_program_buy|pump_program_create_v2,pumpfun,JACKASS,PHOTO IS THE SAME AS DESCRIBED,6,false,2,Hap4ewzx1TFsajnNSeYKTcXwMwyvyaDJh5paNmiNnFuh
7V1CTrTbAToPfUK9GNW9ocaKDiRyT6kfUjD8bnWU98Kg,pump_program_create,pumpfun,MURILLO,Michael Murillo,6,false,1,Ecg5m4iFX4oLRrkkfEcMyiyM9P8UaGVM9fMypz6x3HGW
7Xde5LFb5KWjbMFV3KwSgphT8QwCBEkbhumwtoLQpump,pump_program_sell,pumpfun,,,6,false,1,43HAXuYmyc5DpPgCQgWk7CTANeyD9bW34YTeUf38eqbb
7xLdFTtnP2WDrHsBEcuvF9XasujzNRX3BdmqyV9Qpump,pump_program_buy|pump_program_create_v2|pump_program_sell,pumpfun,BOX,Megaloboxing,6,false,5,76ktxawBQPtU2BxWPG8omzPX46VxiXdD98g3eq6iR28x
7xWyuAjgkviVnSZ94Ji4iLsS2goXs12SjcDeQZYYpump,pump_program_buy|pump_program_sell,pumpfun,,,6,false,18,FwkYRKhXtavAdZKG9poQ2nN6YngcZECt8jTGJUgqZMCM
7xyNY9L7gss7aVEEPrUpKWVXtuFirRb5iELq52P5pump,pump_program_buy|pump_program_create_v2|pump_program_sell,pumpfun,AINEKO,Aineko,6,false,15,4cpQPiHmQECoLB69DBJL87soJj95t4z9H96onnDvqFKV
7YC5DmrFMFXHiKmTuzTFhdhnqvyDUghJwP7259Jppump,pump_program_buy|pump_program_create_v2|pump_program_sell,pumpfun,CCC,Child Care Coin,6,false,66,DrRxB4efqUaLPdYpq2fZjDp2sQGSNy4azmBFMjKBufPR
82EeVNgWSEJZq6Nufa3c5XjKSr4dvLyfy7vDJX3Bpump,pump_program_buy|pump_program_sell,pumpfun,,,6,false,39,5AjvedqVt5gKafwFXTwPYm8RVodyufF338KxbN6dKv73
86dRVyZAk6AhEBAZ3LwbkimMkMVMoiJGAfo4oR8Tpump,pump_program_sell,pumpfun,,,6,false,1,de2ZU7BMzeVomBUvvFEtPtriuW2xrCAkAPC6uPD4Agh
86px5Rv9t9A8PtCbJs3oXW3CBmtVM5wSWqdUup1SZyf5,pump_program_buy|pump_program_create_v2|pump_program_sell,pumpfun,Aineko,Aineko,6,false,76,7YDFkU3napRZU2tfya48PKUrvtZ4UtFBaKCP4Yw9rzBh
86RMqrkzGNS6sXQ2e96FHUcoMNSt8Ynmk45SXJvMpump,pumpportal_ws,pumpfun,BALL,BEST PLAYER OF WORLD CUP HELLO??,0,,0,
8aCUDNoxCpYyqbihGab6dBqRaTbeUk99h3DXEPH3Vm8j,pump_program_buy,pumpfun,,,6,false,2,FdSbwYczwLyjCGBSyYtHpcs3GM5HmXScYGmftE2c7uES
8B5STCstZ4hGTv54VBTvscPgWZbR9PwY2oZKWYGypump,pump_program_buy|pump_program_sell,pumpfun,,,6,false,8,5v6k7qpv14wScqhocto2r38YvRduUzZQsJ5Q8n3o4Dou
8ddeqehTZo689FFX4QdkAFZUgJmCwWz4c95tTpJypump,pump_program_buy|pump_program_sell,pumpfun,,,6,false,10,HUUTVuR6UqP1X5c2JZFSmwN5DYR6ZiAxtp3ubGE3oGjK
8DENp3byKVwpfeaSgWZqwAW8iiiPhyGhqe2nYyyFpump,pump_program_buy,pumpfun,,,6,false,1,BeUyugGKcM1tH3VLRntE8kqcDfchCZYxVRFdGbixmZp1
8ee8JvGRwhwx1wuCssS9JxQdLKj6AadSTh3R8ycvpump,pump_program_buy,pumpfun,,,6,false,3,BTaK9L6f8r2H1xHmR66v2BiJHbkqcN7VmfuCunZXaGLf
8Enu57SvFtvyRXFGrb8ZPCznubjaLEfx5dLHFFznpump,pump_program_sell,pumpfun,,,6,false,1,AJxHitgfKU7gX7gTDrvKV8S7PqFu8MqExerExUQqUyKj
8G1eWF7hqqG6zpWBhydxoJ6SdAWLt69NqTCqn7Rupump,pump_program_buy|pump_program_create_v2|pump_program_sell,pumpfun,SPEED,Cyber Cheetah,6,false,88,4kT373ZG8CqR82pLmPj6rpG64vMM1VA3EWXLLA854QSp
8gra9pG7MfUnwVmdsovMdkooQ6ccrfYFHqac8QoreBjU,pump_program_buy,pumpfun,,,6,false,2,52PjrgLgPQXc8osyEvBTMNy26U7x1wBNcfQhfrwxSCd6
8Kkg9zne6qsx1mixH4Lz8sJD5zUc1kxDJXrBpUoQpump,pump_program_sell,pumpfun,,,6,false,1,92uV6rWuLfh2ydUGTZmG57UMakaQnY2tLNtNXwRT74oj
8mSmLN6UNJ3BdD4hRCnFDwMexF4CQZi6iY2Q1hSLgXKu,pump_program_create,pumpfun,SORLOTH,Alexander Sørloth,6,false,1,Fep6hKHSzMEsEkhAqSToFoCsVNsnift9sCMmG2qRPot
8PsCgVmDttqE2eE7Ae4D8bp32zYSkpNP17LUhmuipRsm,pump_program_buy|pump_program_sell,pumpfun,,,6,false,26,9HJsp3BppPBaJGkxuDTdAKA4APAm9KtBtFdM1KnmNmqF
8QMgRue8UU3MkbiekfmJWsgsbNsQiMBHPVERkvyZpump,pump_program_sell,pumpfun,,,6,false,4,2aXow3VaVeZ7pKNuwi1CNt4h7r41HrbAPWUG9RjfDvze
8Tra3PSqvfm15DV4nU9v7DHAGwEnpBiDSDcpMkGBpA28,pump_program_sell,pumpfun,,,6,false,1,5x6RWWfoMxqfcQPQsKhQUnnJDsfh6goCdH2vH2chsNF
8TuzF7bts8RgHfBaA5rLtHGeRsGjbTPvPfPVoNdkpump,pump_program_sell,pumpfun,,,6,false,1,GXSHeEL4yN8mA96LD48pTtm5Z1ArPdtmhStfj9iCdi64
8UpGCEP6AJCYBWb3amVWXnRa8r1rjUDuUvDVjhucpump,pump_program_sell,pumpfun,,,6,false,3,2RGy1ABdMf3SaREhrXTY2VTKKF7eTrAXxs6AWC7psU24
8wEs8XvHfjtTDvZDSFY2DN3hUwDEzvxMhcD9jTtGpump,pump_program_sell,pumpfun,,,6,false,1,87DWdqZTj4nrDzYUYDUYYTQJHXEu9auYPimEpW9bjhFW
8weUCPhicTtm3gteCAkrJ5SRC7t2JsstXgeUbu5bpump,pump_program_sell,pumpfun,,,6,false,2,ASzBu8ugkKMFpgaxQje6Uefmh7xmQAATnS58JR27nAaX
8XuV3L5s2NpeGeGBPkQBAoSiHh4pEVGgem2LNzGSpump,pump_program_sell,pumpfun,,,6,false,1,q2ZauDNsf1npSEYm6wKT99af38oSwixTnmdaUK5VPAt
8yEShA3RGgwJ5y6TU5WzktxuzmXw4sQKpxrbTkNrP3JE,pump_program_sell,pumpfun,,,6,false,1,mPLRFogenr1rfnYDxEGhf4fRArCo1RFzQBHPiGXGx64
8yULbqssCoTLA9676zTVcVAwoLK1QjUrg422WAqQzvgU,pump_program_sell,pumpfun,,,6,false,1,8BkvJmvscrDbKMDe4p4q7rKZ4Jie7S12YhUzvYEjndhS
8YVeiguG4pApiQZDd92Rip8dqbkKng21ctqhMtxcpump,pump_program_sell,pumpfun,,,6,false,1,7nX7DdNSGFPPt2cXpFqeioKVJ91xEwLtYPQktEAkCJug
8ZxC5baorEdNcrCkQnA9dgAZZQMquQhBN7jHdsmJ7hDk,pump_program_buy|pump_program_create_v2,pumpfun,DUMB,INSANE READ!!!!!,6,false,2,9m3fxHsMb5oSj5736sBPnNBgkYZPDCekUZ3deWd8caFN
95MbghSfHsovuRoE8m8qeYBxgBMTDakWUhr8Btdipump,pump_program_buy|pump_program_sell,pumpfun,,,6,false,4,FygkKkLdFQ8ikn6sZ1U3Uno4ev4SzH2sREBHs8xnX1C
95sH4rrKrvsW5mxr3MsJpj3P5bwrfBPDNCke2Vvvpump,pump_program_buy|pump_program_sell,pumpfun,,,6,false,42,Bn4UhVdEJuWKEhwZVP14disGvMcwgxUf8MNZ9pXxDoVK
95Vec26GAbTPYxgRFox9QR5vmCpQvniryKZMZUwzpump,pump_program_buy,pumpfun,,,6,false,1,7gg4P3Lrd4iTNGmJAmucdh4kGcB8XRzkNBx794jaTDwZ
98KwHD8L97i6KPM6UYu161st1PszespKn7Lv8VA62DtF,pump_program_buy|pump_program_create_v2,pumpfun,DUMB,INSANE READ!!!!!,6,false,2,Ef4JcnjzRVXtmuTMWc9vKM9dLu246Pxv6oWWxD2yKZqd
9BpUEnvDNgPLV4mL49FgVbbezdjrmNXw85cayGYnZWRY,pump_program_create,pumpfun,DUMFRIES,Denzel Dumfries,6,false,1,2D5qNaPxf69P4UDRbNHQanyGFAso4h9fp9r9UHTaZy7t
9bZNHosiUnv3dQMKqXdcjj1ynSFtwY5FLySWMjmqpump,pump_program_sell,pumpfun,,,6,false,1,3u9WxVrY3DRSa7SE7fBNbG2PjT7VCqwJH6kUVMnUoL8M
9ctTUFxaQHctbsPzJNXcHSamvmRDtEUDmdEqUaqKpump,pump_program_buy|pump_program_sell,pumpfun,,,6,false,47,26jz9Frn9WMEJncfmN2qyy7a8xEBYU2bMwULocJxXjh4
9cYhmRgazoDwgUYKnwN5tkZijCi9LZFK4RKb82GFpump,pump_program_buy|pump_program_sell,pumpfun,,,6,false,4,3QKisZPvzGaZsikyv1jaDx7EK3JnYbtsbH6Q373g74rL
9fpUEFkF8vCr5NFrA6useJYFFrHoAiQnDvLnohr5pump,pump_program_buy|pump_program_sell,pumpfun,,,6,false,5,HvtuAPnKEsDAWhuubf6xcWFFK1y2UM3iEVuTyaXvZBg6
9fTAgjcek8BHnWPSU9puZcivfoDSNbZeGa1CR5KgegJM,pump_program_create,pumpfun,KODISANG,Kobamelo Kodisang,6,false,1,5Y4AeRmZToJVARgRriybXi8aSitGbFTqQtwtjVCd6Tcg
9GaMA2RZfuVuj4HddN2v9Wy6TAfUjdxfjzPWtERKpump,pump_program_sell,pumpfun,,,6,false,1,5cPNYtm5deWQxvjRLXBMwqhgF1GSDzeTTQYeoi8uTM24
9GGCPHrSAp5ZvXA46fNveh9RaanpGEXQcXxWfjKYsv9q,pump_program_buy|pump_program_create_v2,pumpfun,DUMB,INSANE READ!!!!!,6,false,2,3MkP7gL9zhuVGnA2XD2FdtLcT5hsgjhFsa4k7niLSQoS
9gi3yAZ4zjxzZgGQoohrsRDwS1cAkTuXz4sR4tyepump,pump_program_buy|pump_program_create_v2|pump_program_sell,pumpfun,SATURN,Saturn,6,false,6,CiCikosGN1LpFAeZYed22mHG5yTi7MGxjfPPpXBVHQ2u
9GihKzcszJxQvL29rZadXgiXuZit4F6M8fBagefPTBon,pump_program_sell,pumpfun,,,6,false,1,3FUbw4cJ4Y2NVwQKKwG67zrYkQDxfxJBwZGBo3kHvcse
9gM91ooHxx6hS4QhtL6WNsBgWmf5dkZZSvA6HgmVHkDL,pump_program_sell,pumpfun,,,6,false,1,8JG1GUVRV9WkZxPUrtAajYy1uvencX9ad3bXtLFRomFn
9GV6KtfkuP4SB8jkQcoJiQuiFsnbgQb6ec4coPsDpump,pump_program_buy,pumpfun,,,6,false,2,Agrx2r7YsSbhEVU5Eqn5to4WLdNHD8bw5kYrUdAjxKSj
9iufvxZZ1ZQiFLiQ6nQzmCqxvEVcB8vnUbha137Spump,pump_program_buy|pump_program_create_v2|pump_program_sell,pumpfun,MH,Meme House,6,false,9,HKw66yArwQEjqYof9csFAHXat5KcoEtbfXFHUEPvXjtn
9jBbyCpEoWa9frvtAbq4xNQ8xoHPedeWYkVBDVU9pump,pump_program_buy|pump_program_sell,pumpfun,,,6,false,7,BNzPYp1zRdyMpudNPXkve7VpZAynQ7hbjEpfeCU1fU8D
9k7s6G7mwmpFRRE5Yb3hE9PYtrvJkaFp676gXigGpump,pump_program_sell,pumpfun,,,6,false,1,9QAEfuqzQAcC9J5TDvhSEoWweheuwrMh8fgrijyEc3jX
9nGTcW8zmUpthTK79dEKh4NeVo2vDnfYxFQwmsDJpump,pump_program_sell,pumpfun,,,6,false,1,AfL7NsQm2csAYySdiVmaSwzHthTJnGiVkcTj2cHBpLE6
9NsFxLCwaKdo23mP5oed5Gyayh1x2rZMbmayUY2wpump,pump_program_sell,pumpfun,,,6,false,1,ARdAXFwEiDJ5JXsaxoa38DwBTKzBaF8dxMN1FdNHFwKe
9otFLZQxbC3CKTuZkdzbFTjU8zhWm44b2bsP5KoRMgdC,pump_program_buy|pump_program_sell,pumpfun,,,6,false,25,HucVrtjJqYax2157traBMivGkyZWWe4C1RBAGeWsgeAL
9q4YpAo4XnLZjEUcYdXPRuw3jMEgn6o9CUCftxugpump,pump_program_sell,pumpfun,,,6,false,1,GsafqwrQeNkDfRAp4rtaMBsLadksR6aBSigmcGy7Mxsd
9QqS7qmv7tzurfKhVrjGEUGJQtHes6PzTS4jrQBxQWen,pump_program_buy|pump_program_create_v2|pump_program_sell,pumpfun,KIDS,Money To Kids,6,false,8,5W3m1TbawrRwdEWdu6DPYiradDL792PPPXv8pTHk7Niz
9R2oEHpwXwetSgCrGB9ibs8t4nUieq2nawWT4Bhipump,pump_program_sell,pumpfun,,,6,false,1,DLU5qtwMbdLiHL7swXFVBKd9cckruDfPWNEBi61xcw5f
9R9hkUu9idaX5f8m4JiZRvcqn6nqfSVsDphgGjyUniit,pump_program_sell,pumpfun,,,6,false,4,8YGBZN1aYYyrX2g6ZWYrCbxqYMQH2og46BuSh9YSBNQ1
9TEAdgj214JknyGKrnacE1FGu23QrCwvqoESrnHApump,pump_program_buy|pump_program_create_v2|pump_program_sell,pumpfun,POV,POV,6,false,6,8jvRKahkfNqqF1HT7W7Gt9ubrVpfAM2JG83CwuY7KZwp
9TzAywojyi8iAJAYJN3Z4PAtA4e5A4G1M2E5GPWWYct2,pump_program_buy,pumpfun,,,6,false,2,GQ2m22SvvEzK1S7FmcmG6Y8JetwUohVhwGJR1Xjba4Zb
9wm6FXTKfuDHjGwFFTKDtHThX46m1aNwsQok27FzkadR,pump_program_sell,pumpfun,,,6,false,1,C4ehZMtcaX6ajmYpwftiVJj7dGgQ41tgVWKmCRuqR2J9
9xusCk7ZqefR9GdLgkBQUDReHYrVfoShPtCySThTpump,pump_program_buy|pump_program_sell,pumpfun,,,6,false,24,6eVsxHv2ENRkS7J9PmDWP6SE2GF5d4YYKpPWKbkwsc6a
9xz8bekppQYVuu7Lnibh4dL4r9VWrWqPQGR8C7ATpump,pump_program_buy|pump_program_sell,pumpfun,,,6,false,2,47wpRb1Axo2mKcht5NSmCSGsVPZjvx7JPMQXasQdXt27
9yHnyL9nAjgb1KiLmhYmutQHdWkzg51Mcv9jLxnQpump,pump_program_sell,pumpfun,,,6,false,1,A7kycRHXAThiDH6y5HFw5mGEeUWJiqYJ6rYQ4uGaUPfy
A4LTU7gLQPPWd4XWQfy24aLpnATtKfEbB3TyvNQ6sioj,pumpportal_ws,pumpfun,GD01,GD01,0,,0,
A6WR1AYPaoLhJPsGpK8b2NUnx9ponvXXCAMGZcTQpump,pump_program_buy|pump_program_sell,pumpfun,,,6,false,2,ED5Yv3FqJpBEkh8wgZ4vTgZq37qf16gHTxGdeJjhr42b
A8om6kMJBcm49pXriS1fGvTHBJ4x15pNxjSWyvLcu7Jx,pump_program_sell,pumpfun,,,6,false,1,HEoPz1Vqq9S2iatzMkYCqvwoYFJUVtgXjWK8sg5kz4Gg
A8uyXoRfbVW2dqRPkr9PNT7RA5FTXdfnKWgkBDqNpump,pump_program_sell,pumpfun,,,6,false,1,EkFaaGAujWFAX6qTEfRzZnciSPREDAva9QLo8ub1KVmE
AAqSkWsJiQAuy9yXjSfZTMXfRGPuLE3UsAG6cjECpump,pump_program_buy|pump_program_create_v2|pump_program_sell,pumpfun,UNCAGENT,UNC AGENT,6,false,11,2oY29GXerwFefozUap8AZWVEj3ygS8xboH69m3ecUMqA
ABZQZ5bR4vW6E3XdhL696ZGSe9JqKzoMctXqwTBspump,pump_program_sell,pumpfun,,,6,false,4,BPByFQPCEBRDtqZUs38NWU7DsnoNX6abuPPCGgKMhJVd
AdYMGnFN67CRgDZyF3xN5BN3cjoPr5zjDYXjdiDPpump,pump_program_buy|pump_program_sell,pumpfun,,,6,false,12,6vsvRqiYMxf4iCoWafCFRCJKfrz9TaDfMqf23DBUbSru
AEibidPs5qpatrMJ4TmwdRQkVg5mGymGeNbcenkFpump,pump_program_sell,pumpfun,,,6,false,1,4Bg2f577SyDDB1pbi54XWnZu5RJX729m3B4MyuUi81UD
AeP28x9HLZnE39D2yBXphvkhPbqKxpGML4emNPLbpump,pump_program_buy|pump_program_sell,pumpfun,,,6,false,229,Cdp17T2qhyZrqikQwNy7T7rxS8t2dcSeRra37S13avAB
AGjVAz6djuTKhgWsvoSfHQT5hSa1okYeg8hneAJE2vN5,pump_program_sell,pumpfun,,,6,false,1,9ioBrFT1dsUddyVbA8wJhUrejA2YDmMPPJdX9gESMLkq
AHCdbwDqheTDKYSsi6Bg5wNbURQ3C8kWuZXFw7ZLpump,pump_program_sell,pumpfun,,,6,false,1,58okNd7kmA6wrGmCeYg2SfoGmBC26ooN9Xsd6CQ5kcxA
AHsqpDNFkigULzxPgv7NHUFjfqZWnMWagZdcedNupump,pump_program_buy,pumpfun,,,6,false,1,2s953CYNiZ6zXBdZXxgkQn5taV11Z8MBU6L71yizNX7j
AjdQtdTEYX5KiufRceUnamGTiNqVkATrVjjvhHpDzZBp,pump_program_sell,pumpfun,,,6,false,1,y3xwhyJ2kDaT6HRsBW4jDUSkofNAy8SrhRv81AWt9Kr
Ap2yBSykrwcPvKbRrCVMsHARPtjDkTVH3V8BTAz1pump,pump_program_buy|pump_program_sell,pumpfun,,,6,false,23,Ce3PhjSEWF2sJPQDbEEGHHKSesBgDKymkmKs5jVTUV5P
AqLNS3ABuufB5zn6GfRahk6amvSxiUh68u91T5Bapump,pump_program_buy|pump_program_sell,pumpfun,,,6,false,4,9KmL32wbYYLEGKnZpepMqF12BG1Q9n13u8LkcHxYuLk2
Ar69heoQgM2qphfjLvXL9jF7PAUHpGovfX73epejpump,pump_program_buy|pump_program_create_v2|pump_program_sell,pumpfun,tweetcoin,tweetcoin,6,false,9,4Yp3S2FfJGFjm6SsemNkZACUSoJrjiS8SAWXyQs6acSA
ARe7R4F8L45TZNkfW8QqmP8fTJumpeBMUkn9zyxGyzwe,pump_program_sell,pumpfun,,,6,false,2,6xnu5GfFzY7EcDpieFJ8dELHPP6N4mTkfWzopFoC6PHm
ArJngQrn3AKJvFM39JYsqWS63KPfb5hzpSE2w1bppump,pump_program_sell,pumpfun,,,6,false,2,13ySknwroCjhiJVz8X3YY4oo7EPopoMBLqqBppY7Szui
ATAT56AtKKGR5BkVA4WayLg6tXsunBkvMVBKjocspump,pump_program_sell,pumpfun,,,6,false,14,AuNLHHpJtxkGqjXyNJQqX3QCp4qTZobaFRDAmNAHSwDa
ATbDjGuY7whAFtFQACzeCnyTzJdoqNQp55Aywap2pump,pump_program_buy|pump_program_sell,pumpfun,,,6,false,2,DBHqsaHhddghDPwVWpg6m5QL8SJXwA2ZrD6c2BtLm42p
AtBy4HXBQmz1mc7ovqeJMG5Ecq9ukA2YcJkgfDAnpump,pump_program_buy|pump_program_sell,pumpfun,,,6,false,49,4Rkmhz9MeFag3RTSmYEdXLf9buoQTNGZ9KG9TeCdvffv
AUaCHxCoJoPS3815hndnh5AG4Veu9pzX5S1kcTcUpump,pump_program_buy,pumpfun,,,6,false,1,EYjPQMUEuonXzfaKC4J8BoF5fK64CqtXxJ2uGmTWpCGU
AVnPPdMJwcT5eU7QacVLDVgcWPoCJftBUnWNUATkotLt,pump_program_sell,pumpfun,,,6,false,3,CH9yWUAn1TtBCQH9JZ4heRBWvrp3aQrSNYgYZy8uosJK
AWsMHJzZUJpyPXcEpxe41iTpvvjucVogAeJNdnnipump,pump_program_buy|pump_program_create_v2,pumpfun,JACKASS,PHOTO IS THE SAME AS DESCRIBED,6,false,2,3A1k99PpPr1N2qbi7uGFn2C5HmjT6wdykDi9q2zN9SWZ
AYaFM5V5b4T7r8ZMJoaKMTq4ZXEJYrz4ocycKepnpump,pump_program_create_v2,pumpfun,FERNANDES,Bruno Fernandes,6,false,1,6HxYZ9JGd9arxuBSRhFx2vsDvUopdb3xNug9rA146dwT
AZLn5RD9n3Xq2EKcyHpjmZGkNumi4zGEragc2D2DnFFR,pump_program_sell,pumpfun,,,6,false,1,9T4CGxuLPfMgYpkM2HAq2zdjbmFdtCtTDVT4mZb9z4wa
AZWiokC3CPJRVnQ58y8vYg4e5jZye2BDDyQsmiWWoTch,pump_program_sell,pumpfun,,,6,false,3,53vTi2S6wMZXHda4twrnM3SmZQ2XfRM16RyWaz3rJ4M1
B2WEjazZPBrquwhcdP2iW2xP1e4NVpa4pvGjy6qBpump,pump_program_buy|pump_program_sell,pumpfun,,,6,false,37,FeVRGHuvrhR38V7KzCMJXd7ig72BcPsGSs82iaiRyHa8
B3PSGbJBhJUjy3RP339LDCbhaD3hLB59xNnHNmDrpump,pumpportal_ws,pumpfun,MPV,Micro Penis Virus,0,,0,
B71R6zx4npdxnRcJKDjrM1GTwbzuSL63j1MtWqu5pump,pump_program_buy|pump_program_create_v2|pump_program_sell,pumpfun,ACCELERANDO,Accelerando,6,false,21,3TQD5dft2FhYKPTTARYHU4gBStwiu3QDjYq71iRH8rJc
B7HrZzHWForB1SYrtMhAqHB2G1scoBjzcZwvL7Yopump,pump_program_sell,pumpfun,,,6,false,1,7VxTtPjSNur36783XwY1BZwypnrDNkCim3s4KTnNNWdm
BA6WGXgPtKMQJsYrvZ33euPkcM2rwj7DK6VNcrGnpump,pump_program_buy|pump_program_sell,pumpfun,,,6,false,2,HiYSopVg5p5g6uxfhFUXQH8e7bPTaMR2TaQA3osqXd6s
BAbG9fuUGT7HJXhPNsQkugGcfmFudAYSrfDaqdegpump,pump_program_sell,pumpfun,,,6,false,1,AYYLyGoYnhNiJnLvAA7L2LaiiW9zxpSVx6G62rkYKogG
BAe9FELdH5TVCbrqSbwF75HcA5rNUX62c8FpYfLZpump,pump_program_buy|pump_program_sell,pumpfun,,,6,false,58,6LsnS3NiTjiGFVfMMnhxb1SouJ1fQf5FgS8WhmkGxNhX
Baufxyx2LvzihfM5xyavXToHLJWpt27UPvxH6hBopump,pump_program_buy|pump_program_sell,pumpfun,,,6,false,2,phAwob3CLTaMPzjeqd4iJP8oJJGnybzbT2GTnW4TSZe
Bc5s6GbBT9Y3go59RareChZuCWZWzkpWrombNe5Cpump,pump_program_buy|pump_program_sell,pumpfun,,,6,false,14,7hoyKK1Hq5mMgrkwtqVb6wHtD7ThgiP9ND72CQjMSVgn
BcEnq8BXYcuP9XhyiTfvHSxuBczt7ZRd39EAoopxRECr,pump_program_buy,pumpfun,,,6,false,4,5Nwq9K3rhWyfX9aauZF9UFFoZDERsNP7nvm147YjszuP
BekBMTnxWqi7V587EvpYDETH3AvhpjT9k2qU88oq3D84,pump_program_buy,pumpfun,,,6,false,2,Fq5gm99eBRe72r3Sfkz1iZLDyHtFK17PmwNj8bs2U5Xo
BiepWtQo945Rptwr6CHUZiSYtxr9ByYtB9eg2fDkpump,pump_program_buy|pump_program_create_v2|pump_program_sell,pumpfun,PLAN,Plandemic,6,false,41,3sor5zrkFJJjCTcbnQaMtkyzEbSx8rc2HtDVfF9155B5
Bj5JGMQPjnr7LLWnwVy5DRSSESa9omUGeUNrS447pump,pump_program_sell,pumpfun,,,6,false,3,EWNfvZRj1vcJXStsD3asb2vaivN1fjTJPmRsBhukTMWJ
BKCyLcU12FZv5MvyaufxEM9AkiNfZjtvskaACfHrpump,pump_program_sell,pumpfun,,,6,false,2,HdhgPFH46DRzCEAS8CbLpajRtCBf6yJZdqAkmkWSpUyL
Bm7ZLabnXCcq1cBW45GLVR5abbyPgdNVLH34JeM5pump,pump_program_sell,pumpfun,,,6,false,1,7EzucD5p75bt7kKquMu4LH6nXxZfUjt4h2Qp3r7WsTwe
BmsV4zRdBf3gMKWqJ3Zr4ZJx8EmLgpMaarWohZ6Gpump,pump_program_buy|pump_program_create_v2|pump_program_sell,pumpfun,w22,w222,6,false,90,2Xdee6KCP7hFzwwEwbrbWE9nrDS2wZWTM5CyxqUMj1Xp
Bn8bQtAYrFyDMNrzoQKPEhc381BMygNvmWFQbEXVpump,pump_program_sell,pumpfun,,,6,false,1,3Av4XuBEbtHCkWCij27wEhEASz1TyrB6cTEECZ5oETx9
BpBmczitMk1B3c39AfWfiApQ29CtoiyLqPivMSXepump,pump_program_sell,pumpfun,,,6,false,1,G7HHxVLMRWoewEzDPeLoY2BpX3BF9C9EumYAWYaYMrFa
Bpc2V8nRxTXNdcPQGjFJVoxNG9fu5gF8PjqDqNM2pump,pumpportal_ws,pumpfun,BALL,BEST PLAYER OF WORLD CUP HELLO??,0,,0,
BpytZ3FgWf2wsHY18TxrSXR7LcHAcUFrS1SZauCvs9rk,pumpportal_ws,pumpfun,CLINE,Cline SDK,0,,0,
BqCC9L3cL3PCvBbVpkcz9WGyu5gJJiFdqZY7yFKZpump,pump_program_sell,pumpfun,,,6,false,1,F54RqHheY6St7iVBvwh28Po7p2S938RsDkhMHrWCj9z8
BrBkQ8CopwJm5w4wQVFp2CGFuJLWEfmuxajTUXi8pump,pump_program_buy,pumpfun,,,6,false,1,6Q7rnb9ctVc1myHtR5gQDAnV8MHTPVfVsUBSp3UfCCBU
BrC8MQ4unw68Hiro1DfnxjVEDEHPUoJf9rseZNFaDmrk,pump_program_buy,pumpfun,,,6,false,4,HWL7GhDcw9XTLQHuxF3zMUMsRMbPgbeJJEoV63CCe8q7
BrwtqkrQv8w961RJiKYN7pzvVbyKkct7YywtTg1opump,pump_program_buy|pump_program_sell,pumpfun,,,6,false,170,FxGizL7rLhQdTWeDAafKHvGBvgqNKcWeddPDSMU7CSGm
BRY7zTxcJ4Uv81ianG387T4zymNjYzuHF4QtEbbYpump,pumpportal_ws,pumpfun,CLINE.BOT,cline.bot,0,,0,
BT6mnqfCn1YxJrnrmXLx4pgvGuQDDckeHrZ9s5Mypump,pump_program_buy|pump_program_create_v2|pump_program_sell,pumpfun,Cabal,The Beijing Cabal,6,false,3,6U9PuLzPkQMArrPsVMHvMdFK8kVyceVq5XhbFtosPDWh
BWQvr4uXB2Lg842N6Z4eQ7vNvH636ufhhs8PdGsopump,pump_program_buy|pump_program_create_v2,pumpfun,Kem,Usdt-Solana,6,false,2,6mWnFZzmfFm4CBTfCg6FHj4jeB3ePqeREwB1QaiRAZCV
BxVn862QfBYY5Wmr9E7VLyshuHzffYU4qVUCnnCppump,pump_program_buy,pumpfun,,,6,false,2,55Y6w1fqeTh4rfhb5SwQLxhB9tJsz45uJu8RNKaGppye
BY6jQQK8pZLXAepMdCyWtDDfowCczHbgVWqfdTcfpump,pump_program_buy|pump_program_sell,pumpfun,,,6,false,6,2mcNtt2GCxxrzbbNwq93SabeTFcRPLXppDjbZ62bKbmA
Bzn49dXgycAFi7fnKF6RpighxButJbKhtWYmhqccpump,pump_program_buy|pump_program_sell,pumpfun,,,6,false,6,BLLGT3fjqQw8fYbihe2U5u9UN2XVpXABFGWMv8cXjyGv
BzQeJw3fVHVAigEL8yY85vBaMZSYc2VYZR1cizLqpump,pump_program_buy|pump_program_create_v2|pump_program_sell,pumpfun,whitef,The Whyte House task force,6,false,58,D3PG1bVMnPWnk1AyWNbUCxD5aepgkfSKwnC7gnyshmtF
C1GTLNVwCXSa2v1zBsjh8NZmLw8B25cKe6238gqLe9EL,pump_program_buy,pumpfun,,,6,false,2,H3nj2H2g8cVYk8cu13e52b25ezBMPZ1PZjvuhdszzC4i
C1hy7zc6MLeFrmxW5XzCQDTT7h7j1qq93dTPoE75pump,pump_program_buy|pump_program_create_v2|pump_program_sell,pumpfun,MH,Meme House,6,false,49,7eSBviEsiWfwof57hdPB3DHPitA68Fmm34uv97gEDKrT
C2YRbceDrESLUbtdqhPKdg4a3caaSPuQwgqQez2jpump,pump_program_buy|pump_program_create_v2|pump_program_sell,pumpfun,Aineko,Aineko,6,false,5,3LKEFi2qqEcF4PNgg2dJUEorm6V7xfxgL6sfKotT4nrc
C3SVGnwKMkygo2ruYATzGkDFRicN5AZ6Ei95oYXbWHg1,pump_program_buy|pump_program_sell,pumpfun,,,6,false,5,D3J93reQLnTJA1Bf6Mi1ot8pGTY5mLQEADKRDHzhxvXv
C6mELMnuGha9V25rsHFqsmCdSkTpvXnPyfcaVD7epump,pump_program_buy|pump_program_sell,pumpfun,,,6,false,9,CgDRv96cuhPLSA7Lkxg78fFkwNF31KriDuU8UY7ukzgL
CaQrw9wuv9qv67g3bSYL3kBvMioi4Dyy9mUfDuZKRnv5,pump_program_buy|pump_program_create_v2,pumpfun,DUMB,INSANE READ!!!!!,6,false,2,46kYsYtSmb6RBq1qoKgruiMoFAU3VDgREteAX3Q7WveD
Ccg3o6BW6SDWPfibGJ1gTdjJikMxCWvkLou98q2wpump,pumpportal_ws,pumpfun,BALL,BEST PLAYER OF WORLD CUP HELLO??,0,,0,
CcttS1U7UyAu3eEGUJmYsN38iXyXbSAHYb8zaWYfpump,pump_program_buy|pump_program_create_v2|pump_program_sell,pumpfun,drink,drink,6,false,65,9bvmVLLgxjmRRfUAxMas4NhBgAQs5q18LZ4sqSv8rJFu
CEjgvj2HFmQDFKYxZT5MQYE8yBWdEPxCQqaYq5uPbMGq,pump_program_buy|pump_program_create_v2|pump_program_sell,pumpfun,HELLOSENDOR,elon handmade the trophy,6,false,10,8ZMrf7inXoqDg4Wiu3uKxL6PXYAqvkPgoSbm3XETaKNR
CfXwEn55uXAzx9qV1p7fa83opqRkbRKrMJuqQ8Rspump,pump_program_buy,pumpfun,,,6,false,2,6CjqvGTqU4fUbagatqbHaHeURjyQ2v8U1Ec5UAJdmBXZ
CG3tbWKtWXLj8DH6ztJpu5FrehMzRtnhFK2QwNrQpX7Z,pump_program_buy|pump_program_sell,pumpfun,,,6,false,59,9KndqmCJisPkhYFmTPawxzfJMPhUYehKwkx2oayWC9cE
CguukzR2jMBqgK31sw3HuNfZH1hE8WTxLqXq1uuDpump,pump_program_sell,pumpfun,,,6,false,1,57HFVyyWoaJVyKkWyM66GsSyccniDJKwWwHQHE8vKCwU
ChEJJmAoiFHUWaMvoeKw4yb2Kpqe8omei8Jip7C7pump,pump_program_sell,pumpfun,,,6,false,1,4czg5BbaUbVu2yCjAxJAgYepUtNCxdE9ZG1bz7hbCSdJ
CiivJ1bJz6Y7L4ZktJY9jWArbcR1JZSL5v8ARoFRpump,pump_program_sell,pumpfun,,,6,false,5,HdithxJ9kcn5qH5pUfMjzsE7tzFPYdoyp11SYuPeeVgW
CKg6eeA5tBKnoopwmAT98fSKpgheLDWZGQYydPDEpump,pump_program_sell,pumpfun,,,6,false,1,BqDk5YQ5Hi2wEoKoVmmAziVQHni8AHfYvKHQVh9pspqX
CqbPHh1kPb3gPKh9CyeTjx3asyhkNDK75pZHEHG9pump,pump_program_sell,pumpfun,,,6,false,2,Ecf276iHbTMozjNn8MPWZiAFjvrDkYqpbRvbyrVM8Gfu
CQpvjzpJTdWKL6cFwLLVuBm2kaj74rbYtsycwgaspump,pump_program_sell,pumpfun,,,6,false,1,5YaGGHKZGrdYEGErB4r9awNm2g3Xv8WeLyrsotAvHqCH
cRt2YUkXM3yfLkDaG1myQgCKnC5wvDwuJMRVpQ7pump,pump_program_sell,pumpfun,,,6,false,1,F889wXzK4Gu9mtmWcKPAcumEvPqLqB5twDcAPq7UsMG
CTEVqQn21rPHnEXWMAS5h5o8E59ZqRDLggVtkVXYTMvo,pump_program_buy|pump_program_sell,pumpfun,,,6,false,4,H7vEi9fPp9xvGiudDDdkMy5UwebXnJgL5yfA37mi9p1V
CTHL1KdJ8k9dz88w3r5jf6ZgLwf4XEbYn2ftNCPHpump,pump_program_buy|pump_program_create_v2|pump_program_sell,pumpfun,SPHINCS,SPHINCS,6,false,15,Fv7qfj4o4DrFWSPUKJHMwuwpDzTGR1Dy7JW1AhttCqWR
CUH95SmXCUi4AdoMYDea9MdbtwHmbgYJjRUfX9yUpump,pump_program_buy|pump_program_sell,pumpfun,,,6,false,18,ENpnLLAgmckRsM56KSfBSaomTVWXMXoj2iAum9FEmRB1
CyPLqhMqvysCthuEAaEMH2ZbDvqa9AEsnpU98vk8imRk,pump_program_sell,pumpfun,,,6,false,1,EMGJxQwiRa82qSxuVhPHDrfQDTNxZqM53EDn6JpkQsFL
D1cGpM9mQWivZ69ZfkZG7PhjQEwQaP1gy11eEjxJpump,pump_program_buy|pump_program_sell,pumpfun,,,6,false,22,8XEfEXbR9oPAoWn416tUuz4BG5rtZKSy11JtAMASQyB6
D2SBFJ5AFkRBHcFppPbyHkJYKJSSj1VHttuxVhyXW3XK,pump_program_sell,pumpfun,,,6,false,1,Y28K3FGnWsJ2nDBzNgrvjFiAnikTVFC7RQH9Pu9pGMm
D2zcW4yJPCXqbeSHQKoyafvvN1QEeU1rQJNGFwGtpump,pump_program_buy|pump_program_sell,pumpfun,,,6,false,36,5pow6iLL2JQvjmZ6f6zkczetY3Sv2Yrg5op3DHteTDK1
D3rmLghE4EmrdUywfVqRke6mKrMPiRSmMEmdhcEApump,pump_program_buy|pump_program_create_v2|pump_program_sell,pumpfun,ChinaTroll,China Troll,6,false,45,5Q4Gc8TztWxYSDh4C6UhxZtfsYF6FkzXSndWMJzLULZ6
D4J1vzvtTj9WCY3XoSZVfiDz4hsUjaWJbib1RUTUpump,pump_program_sell,pumpfun,,,6,false,1,2WBJ7jabQLDts3mcqKx5dGQEYyinvrvLJUgnzEHbd6dT
D5c3Th9qsKYkSiFBY9SF3CaJrLTUChQWAiUYW83Rpump,pump_program_buy|pump_program_create_v2|pump_program_sell,pumpfun,WHTF,White House Task Force,6,false,256,7eCUUfo9PtDi7p4jExDqEZV1b3yqNT2xRCbnqTpyGS4d
DABqNQ9EhmFLeByo8AquYnn4zp1DhjDQSimSVrrbpump,pump_program_buy|pump_program_create_v2|pump_program_sell,pumpfun,Yeaah,say O,6,false,96,7fFPE9Yee7p3UX9ZJyggwJmApZQ2QkZ5dA68CYw1mgYH
dctXMD2yVQniJiVvgXNSKPzZgpxVauuoCfPZME3pump,pump_program_buy,pumpfun,,,6,false,5,75VeBGQh8XEBKKVfeGSuNPQig4TK21DAcEF2aYo5dK27
De11yGf6sfyAzfcec9WZH4boquKqnQc8H5b3JUT6pump,pump_program_sell,pumpfun,,,6,false,1,51f8QN5sZVnRL1DeYj6xWUqQr5C7dbxS84834sJ7D2oh
DE5hyHaPBQEYHW5hA3rehiKk6heYAcF1ThWJo3caEGBG,pump_program_buy|pump_program_create_v2|pump_program_sell,pumpfun,WHTF,White House Task Force,6,false,39,Cc6SwU8a8MUqnPuVpfhvJ2AFjDNFNHJy6WF5kQuriZAu
DGkhTK2UAoMnCaABRGDXwaa4yX3mXfCPoBXoANYApump,pump_program_buy|pump_program_create_v2,pumpfun,kiss me,kiss my troll,6,false,3,6iFQrEEBo4rbBGMZDn18tg75qjynayyVJnBvdd3frpxr
Dgtukb5qNctBv9cyNMBwdiNeMsEQeocpuairTNEdpump,pump_program_sell,pumpfun,,,6,false,1,3yCdn2m6pLET3id3mkr3gekoXmPH7V6G6gWHkUruRuri
DhfrMW37cr6vZQWvRVbBnVWtKWHznke7gjd5UkBnrp8p,pump_program_sell,pumpfun,,,6,false,1,7AMmXJXzJucoWLMGVfmhweFXzahjtDkumX9qgvyF3BBW
DJfxEAEc8JU1Jf4yajYwi4Qma5Jb2qgYmxkoUctEpump,pump_program_buy,pumpfun,,,6,false,1,FKrJwPthchQ6dsk5DTy1fEUC9w3os4D7SJdeJcaDk79Y
DKeoyRSPRQktb52R1732d8eiCU6qhhCiSbu6A1J4pump,pump_program_buy|pump_program_create_v2|pump_program_sell,pumpfun,FFTW,Football for the World,6,false,148,H8CyZFRwqqeoExEtMAArPPqTQr9FyV7utGo5fw9Wsv8e
DmVBcyP4RBVfY6uLn5SkYfMA2VhWCDNFE1hfBCoVpump,pump_program_buy|pump_program_create_v2|pump_program_sell,pumpfun,Aineko,Aineko,6,false,21,CosXZH2iWKDUpBNbBqU3m2iQtp4XjUHrfgqxSvw2YjsW
DNbmsF38vBYiVzo8H42fZ4qnLvwBtr2aBmkvPJmkpump,pumpportal_ws,pumpfun,BALL,BEST PLAYER OF WORLD CUP HELLO??,0,,0,
DnWgg6C8KEQrd5TNRf33bbtksveTXixk8ouq86n2pump,pump_program_sell,pumpfun,,,6,false,1,8x36qUu5w3UhpuRFfJ57cvav4enLKtfM4QqFPJVks4gu
DqguJa1aVXS6jeZmiZnNh6KufAJ5GX8t1ZaeNHbPpump,pump_program_sell,pumpfun,,,6,false,1,7Y7Z6Zpnj7YgR3D8R3xnUekNWWDCBbPKTUSnCRt6AuQ3
DrhBDdbcgZcoikZJf2onTonZbbR6paZHnUGDxeSupump,pump_program_buy|pump_program_sell,pumpfun,,,6,false,6,EtBwanmiMTt8WtoMgovMCRKestQnKywQoMAosRkdwzgM
DrSZVNuvsR1jhPvFLEKiPRL7ncSSBtEreG1oPWMipump,pump_program_buy|pump_program_create_v2|pump_program_sell,pumpfun,quit,I'll never quit,6,false,14,9UoMcY4rozh24UvFJTpJQ64wBWL4YVuBfxxE9FUoa9TE
DUG4wKt2CovFZHTKV6SejcCt6UaaH9ZDmBw3VbdWpump,pump_program_sell,pumpfun,,,6,false,2,3QZ2YfZirqTnHcoVqSSvf6M1Thw5Wa7uP81kHPUPWSLA
DutuSaykDQ5mmGzj2wwT74msiJy5LviKLnhm1iMDjg8g,pumpportal_ws,pumpfun,GULER,Arda Güler,0,,0,
Dx7smZsHqzRqRnNM3VMvuFxpWzcoczqCEhQjQcWZpump,pump_program_sell,pumpfun,,,6,false,2,7amqqkGdaXodz713kTGUKge9sG4L5PhRvPQHMzioiyda
DYGmPYkQFcMTX7PVMdRsZhzSGH8eThj1n7kg8gFzZDbQ,pump_program_create,pumpfun,BARDAKCI,Abdülkerim Bardakcı,6,false,1,AoZ8DSJnGTKVvtfPRmCGqvDHgyx3KPqHdnkvbxMJMvw1
E2pCboW6APHGn7CLfiu2PmhmHABchBqxovQ76B4Apump,pump_program_buy|pump_program_sell,pumpfun,,,6,false,448,7VRHfJAqjTQKQ28PqNEfN7QGEdyjDXf82B6dJGU4Wqos
E5RtM4AE3A1Ch4j4kYdB5Th83gPaHF9Go9Ye335Apump,pump_program_buy,pumpfun,,,6,false,2,tnCXi4KgUbvrZq9TRfhCmfjKJMVaKeqpFcrZmfCcjSN
E5yEc9KPzt62ubbNCgTghkQb1ZxThw3PKfmpxFCJpump,pump_program_buy,pumpfun,,,6,false,1,G1Bb6stAHG5VJWqh9WLh87B2YbUVXR5vdhSVDsY5KQWb
E8W3u6EdadzM745ebweCAxPSE21X8twNDbXURYPUpump,pump_program_buy|pump_program_sell,pumpfun,,,6,false,54,79pwQA49YVk3fzFuLAzVwFTapRmkSZ4zpDNMDtZT4znw
EAA1nr2ApnCrhYVfMzRJoQvRDJv81LsKmYje771Upump,pump_program_buy,pumpfun,,,6,false,1,Hvhw3gwwwCKBJAr4bfKPfqx2ZNtLU8HgZAdU4ttcPn4S
EAzarMzVCr9UXCnTq9EBTZkxreN3pVYDeYNEQfC9xcPR,pump_program_buy,pumpfun,,,6,false,3,HcA6rEGvRZopZ4MX7GTTT3FHecSCcd7HALxP25wpWBVb
EcwcibeEztBP3tJmoJ6nJyhPSGzYEtzmBk2PqDkLpump,pump_program_create_v2,pumpfun,WHTF,CHECK PIC OF MAIN,6,false,1,Fds8TbcytZrGbb19dtjLJEpiy6LmCyb679DQTt8jEdTa
EczTEPxA9sLWiTUuxEHckdDxogCMokASb4ze6ozdk4kj,pump_program_buy|pump_program_sell,pumpfun,,,6,false,68,D7qYkPBFo6sheRpj219Q4hTfWqsadCAth5gAbgay9cnP
EdFkXxMWNoKYiUMNAoT5aLn4sBTkVSLVbBNg9ykgpump,pump_program_sell,pumpfun,,,6,false,2,2PESo7cAEo4mrQZbqpUZQYTc2s5kHJktVc7MPkMqpWq4
EfKkzJvkFMcfyemMeZJY3xQ9QumgUnE8TWwVtrigpump,pump_program_buy|pump_program_sell,pumpfun,,,6,false,11,8XWeNQDC8JoMzsiW4MvTVya6ahBxrPPk2yWj6mPe9nhi
EJVL4JPjvmAFfkQbHRzg76uccdZQ3bRZBAJ94WFR1WTY,pump_program_sell,pumpfun,,,6,false,1,HnThq8W8hue8gTKetFkaiTQ1xZFZh3YdDKh6iHgDy2Ww
EKBp59BWgS5RhrH1bnjFMH97zcNEuDoxznwrHwqxpump,pump_program_buy|pump_program_sell,pumpfun,,,6,false,12,DYUeB4CPd5zEUGDmJFHiNDd5TvBSYA2ov9kN8MiDs3x5
EKmhVoCyMoz9GEcaz7wzVN9e8KUtZgGCbDvFfDq5pump,pump_program_sell,pumpfun,,,6,false,2,4V6axgcih7562XqkfWH8VynNQGeY3VSFBEdgDCDSamv5
EmaSeFKzPgbhXZPSSdZZC7H1dyWhwZAeGVAcopg2pump,pump_program_sell,pumpfun,,,6,false,1,C6xjBfGc9g9Y6FRVaAyqac1D3owXWmU6SgxiSq8q48fG
EoBRtZGX3qJy2CsjuVSrxVW1cf6Y6F81gxsBFgAQhJhH,pump_program_sell,pumpfun,,,6,false,1,8UPuhziFydU5KVa862NQVDRLUyc5cvc6HL8VjGfh2rfy
EpJsE4VW9rg96wTSetn7CBDjhxRQakPCe4bcrKFfrWdv,pump_program_create_v2|pump_program_sell,pumpfun,STJUDE,St. Jude,6,false,3,BcKWqQrPyhHMXiFuni62TJEg8NwmpR3rYAApL3zoLUEg
EQZEGEbZvVRJiTMVtswwjib54VMowHWhSeAVm61ipump,pump_program_sell,pumpfun,,,6,false,1,7s5hh1qXyE17K7qWd7LrHnF3D11dFLFy6ASkeiDfpfBU
ERZosNrk7kAH688xAgz4SHd1TZfX6uECA2FtA8V5pump,pump_program_sell,pumpfun,,,6,false,3,D6vQ2PPTwPCqso5pT3UNqjG113ST3VaFLGTvAf3ESdU1
EuWiKMDDgaULERfN4UqS7ByKPqBHzGG6UegADF4Rpump,pump_program_buy|pump_program_sell,pumpfun,,,6,false,16,HfjevtPNwsQ2Mrvib1XgK8cTMx6x3BPJEoEWi8B3DZ7T
Ey3mihyWNZcEn9PU1J2HFYQ6EUtnz6m1QARZM4MZ4qFc,pump_program_sell,pumpfun,,,6,false,1,Fsw6QC61G9aRGGmBzo76DdnPBxH9DhN8HF49DtUvtfCr
EyZY9EV2dFt7L4BzBdqpJq4E8GRukcdeJdNHb667pump,pumpportal_ws,pumpfun,PF,Project Freedom,0,,0,
F7FkqWSHtmGtTg3eSVyEuFVfNQHbQh9igFCzYcYFpump,pump_program_create_v2,pumpfun,WHTF,CHECK PIC OF MAIN,6,false,1,5Fi6UzBrb2fK5BLdqjoVsHbGiV63j1vM3RhDjbRwRCg7
F8L15jZi9fC5u9upsCVZJPxCez4tpZZhrvb86fjfpump,pump_program_sell,pumpfun,,,6,false,1,Bo3xd1ba3YUTae1hjZuhxFf2gpowQivmzwcMh9BjjMc3
F99yo5w7xAomdipXeSecz1ykrQHcZyHjgh69Qh1KFdE7,pump_program_sell,pumpfun,,,6,false,1,AGx5w16GoKm25D3KPpNv39Md9uMqCMwenanZEzi61Mp2
F9uTsJpZsS3cAWM3jiHojMAqT3ynYgMSE2RnhnT1pump,pump_program_sell,pumpfun,,,6,false,1,EHGE4YRyq7B2LywURCUkxv9MFVdaoFzBaJs3oWCJ9UT7
FAMpWtgMrejh44MxEn6YtMFtJNV24ux5WJQKgu7kjhhb,pump_program_create,pumpfun,ZIYECH,Hakim Ziyech,6,false,1,Hkyr3yF3vBpJZTws9f1EGKJn3o6sbeNVxAehjXGENGqB
FbHmuQZtgfxtVL9xvSf8kPK6gYCnhieLo4r7Lk7Euntx,pump_program_sell,pumpfun,,,6,false,2,4ZF3GgpxkihRpP8mfTz14FzxQuehqArjv516C4yY3bTF
FcgFckBZPH97RBSLSFWEMJopk5PLEKR1L4qkLESfZkq5,pump_program_create,pumpfun,ALMOEZALI,Almoez Ali,6,false,1,J7pp3MjyRD25SPFnFpdrvbSR5rYDmoRktkdA3UV4rov5
FCPfRf7RBNoHPwo4nD5owSAXJdtHTKPedx76Hwqzpump,pump_program_buy|pump_program_sell,pumpfun,,,6,false,17,H9jgCZVUJHsMep8N15Pvcxzyb3qsNac3oKV8JRV1CSAw
Fe1NbTkvVAe6rqJBkPKmPmZ7SqMfAFu1Z6ZvyZJJPuMP,pump_program_buy|pump_program_sell,pumpfun,,,6,false,10,A1mvduXZTNmvbRDkbxY9qEcTCRQbxfJrAowuQqEDEqid
Fe5pBFHAT3pXmRLRtRh5vC3UBMEtMhENTKWDM7jSwCHt,pump_program_create,pumpfun,ANDRADE,Andrés Andrade,6,false,1,Bgk7LXwtoKsi2Fdma6NkhbH1oWiQoqhYTrNfYRWQByQm
FE5PVFpnopZcGopFMC9yu5TK5d9QGMhdmXzUbpwMtKFg,pump_program_buy,pumpfun,,,6,false,1,3GyH7SvUEy3pGosDhtwrGj41mrsQJEKhMxNGqZgvAe7S
FeR1HKudTwdYDtsH8fXc14TusWLeVf4kuMsr7aEApump,pump_program_buy|pump_program_create_v2|pump_program_sell,pumpfun,SLEEPCOIN,buy and sleep,6,false,517,DwkRRsG7TrbCDYfnhNnuBbeXveFGiJwJxCzoWWg8zRYH
FeSjVdjevki79NVJvWUxw7MSp3jjLPJUKG2e6w77pump,pump_program_sell,pumpfun,,,6,false,1,7j5nvyRtuKK5VTgCCXBseke2DixR7DuK7PiTSmYpNSJu
FfA9royURRoLAei4AwcqR9YLgGiVNqkfcj8Kxpvkpump,pump_program_sell,pumpfun,,,6,false,1,BoLcnpZiyr3YhZvR4VvkCReEQr9QRro1Kj6A2Bnvgpp6
Fg6UW7Uh5eRCj7Rvb7aec1zZ2CUPP3ZHRFNN37Kj2ByM,pump_program_buy,pumpfun,,,6,false,2,4GuVJ56F82YGqmUZjgkWGbxCkaymhhjtVam2kC3Db3WC
FgKEgCKbZa4ubkjd3Zz78Ft317pjCc6txmsd6DNVySrD,pump_program_create,pumpfun,VALVERDE,Federico Valverde,6,false,1,BdSzkL7umVb7RUYoP34NEKU2wtTzGQm1ct5founK4HZg
Fi7dXtp5UkeMfg4nPR5De8NgFXEmDWnpXZSGNGg75oBE,pump_program_buy|pump_program_create_v2|pump_program_sell,pumpfun,SPUD,SPUD,6,false,17,EmNDFMcViQstWQEXqY939gAgMi7YHUYMxmshjJBCvyjw
FJ3d2CAKiAdxsW4JnqpgroyDVdkk2p1CC2CYr1cEpump,pump_program_sell,pumpfun,,,6,false,1,BZGyWT9fZ2DAbRpVLnKcKUpc5L49ydYHjLcH7Z1gZ2zK
FJ53FwAnHTWw6zZ2yytgSS8EcpEhHouvKuj6GQEkpump,pump_program_buy|pump_program_create_v2|pump_program_sell,pumpfun,Aura,The Aura Kid,6,false,17,32zSnJiaDGke8AFYQPZdvwK8SpmHJ8qXqbwRyJD4oXYm
FjXGSMeAaseW6q481cbycWYpk9b3MYukPTNJvRmDpump,pumpportal_ws,pumpfun,WCSTARS,THE NEXT WORLDCUP AT 30K HELLO??,0,,0,
FjxtTc2cksLhQhSf21GeXGxn4Kf841sm1yT5FaG3v3GU,pump_program_sell,pumpfun,,,6,false,1,7VgKS4vo1Mq92YxN4PhhMRP1nG1STVj3qNLdDN1dz1jm
Fkhzg2X7TyyEAi3arJEH1XS3vqG89CxiDQFug4eEpump,pump_program_buy|pump_program_create_v2|pump_program_sell,pumpfun,WHTF,White House Task Force,6,false,29,EFK39WJruKSwWUJHuYTikXuEPojosmm97k4TXK7v3LZD
FLX5LWcESc7VJAjaQhSDqj944cYKWdDNip9RAqxypump,pump_program_buy|pump_program_create_v2|pump_program_sell,pumpfun,WHTF,White House Task Force,6,false,45,G3L4ZtFrAbDLzHcMPgtuPaGrLMGHz4SYQjgBnxN4zLfg
FMJ92jajrwCMcgLWiUWKnJSvKXmqAijrxcrXEpaepump,pump_program_buy|pump_program_sell,pumpfun,,,6,false,5,14oeJPJBoBnTuQfmiBJpooyPepn3kUFWyejh6FtJVy7Q
FpbpGomtti9nz1sNZEfHKxwFEcM1z2PtQicmQNzCpump,pump_program_sell,pumpfun,,,6,false,4,9QaKnQXVnDnfxj8KqSgyBGA2Kq2iaZsrkoVzRk4YArGs
FQLaeVmPdKw31K2rs8JvBVGNQDuPopWEwE7czcFfpump,pumpportal_ws,pumpfun,RUNNER,The Nietzschean Runner,0,,0,
FrvGBHbyRMiZUghHRe6o69wuVK7imUaxAS1Fay4dpump,pump_program_sell,pumpfun,,,6,false,1,7HBeSBRUk2GRkQ9nMW5s6VE2GDPpece5isJ4XKtSNiiN
FVQvNTy2ZGXFU65KRsoiy1Yz6qXeQR3gjUAdqLSxpump,pump_program_sell,pumpfun,,,6,false,1,3kTMxW7dBtUbcDv4LN3vzN4UmFQgGr1G5TgYFyfo9h33
FW9msKP6jQetFZqvY6XNf55CfHTqN5nvCWwgsFGnpump,pumpportal_ws,pumpfun,士兵,Nietzschean Soldier,0,,0,
FxBJkCpEnvhj5DukCRc7non63kUB6d5PjxdNADxUpump,pump_program_buy|pump_program_create_v2|pump_program_sell,pumpfun,True,C3,6,false,4,8BHzpBuyNKCXAWWcAhayPr9WGJoeE9SEjQiXDBpwcbV1
FzbFURqXGmJeTkULvzpc5GKswTEuWMHYwo3AQrx2pump,pump_program_sell,pumpfun,,,6,false,7,BiHFD67PjtFUG3xuxMSajZGP5WojESoEuy2M3jHu42qA
FzhhD29vU8HETkhj7LgnLZqQddcZW8DQUXhSMCnjAWFt,pump_program_buy,pumpfun,,,6,false,9,HKpRDj63MrjFBhmkr3nPuvPyQK9ivaZHxC5RmD1d24z9
G1tTxUTGcSfvNSTYEh36R59K9Kk8CZMCkQvV7sEWpump,pumpportal_ws,pumpfun,BUY&SLEEP,SLEEPCOIN,0,,0,
G7sKJ3sfiXEThgnc1QFBajx8MAvubw7pJp3jqMfHpump,pump_program_buy|pump_program_sell,pumpfun,,,6,false,5,A8WW2dxqS53ebJGJ4C3DjQ9RfS3SiSgHoGgxHA9FKNym
G8ozZ24UJjWTP1cvbvQPG3vADgXtRKkKANh63L16pump,pump_program_buy,pumpfun,,,6,false,1,YZpAAHgYU65o6ZManJnfw7rPqjsksAQB4ftq6mD9qwb
G8Y2Xe3iDb6Gs2H1LgAPJUvyW5dNY6ifi4vhGeBBpump,pump_program_sell,pumpfun,,,6,false,1,HnMf8ocrrtDL8PNfc2gJ2W4XRKgtjGTraBpL3cV8SuqF
GaFif6tFzNDVELJrfinoe1kqd6WYFr9PKwNkiZ8JYPMD,pump_program_create,pumpfun,KHUSANOV,Abdukodir Khusanov,6,false,1,3pgFZ9Z8PhJBvwSK7xDPLSnZmivSQtPG7XJF52QfrWt7
GAqvd3wY869BxTaJNF8Y7a57H8hSKj8WNDZ3diZApump,pump_program_sell,pumpfun,,,6,false,1,7E1ZkRjFsUkYYmoNLANwgDdnEABFSPgREEjzr3B3Ze1o
GChJnzzHV1D4yxrZpk2LqaJioQQmnvc4V7k1AgmgZ5As,pump_program_sell,pumpfun,,,6,false,1,HASFcCXiqYnQRf8E7r1xy7SWKdaKWeZo7YuQJhRnBRfX
GczpZWMvCU58mHnta4YiE3D7ZP31a15ehm2SsEd1pAUe,pump_program_buy|pump_program_sell,pumpfun,,,6,false,6,4PRT6ACEjNfXd8G8fHWK9wAgGfsjCe85sKK1te6HEXmm
Gdkpyz2V8YDg7KkpkcNw6aB4XodK7ErJg5RsxpDLpump,pump_program_sell,pumpfun,,,6,false,1,Ge8jYxd7F77dfejZrgDffGesuKwVCjecppNDxnb3cev6
GEMkaAKrY5WdWQ6mcy9FrSbqjahdSUiLBbznwoMHpump,pump_program_sell,pumpfun,,,6,false,2,7MAKNMFZKTvuMSQ5oqnMcMo2RDynPG4vodTGqa3ikFw3
ggGhNA5a6w6yBgVgSLtkJ31JidheoEUbUXGTbHXpump,pump_program_sell,pumpfun,,,6,false,3,5coDBDHpL2a9CRJeqd4CnHmuPVixCo2TSB4fK3CM7jo2
GGvWLwT3XmgWXuiJYod5qbAX62QmJbjQkh7Zx284pump,pump_program_sell,pumpfun,,,6,false,1,Pv5dydykskdEgUueBdXEBZ24dHRfDGsHukpUojHrhcz
GHBCqiGU576YPpGwmyevMEZJ6xnKmwLpfw6H72jFpump,pump_program_sell,pumpfun,,,6,false,1,FS61B537fYSvkVyQjXrZdshQh92rH9wBtwosHksoWUEJ
GKzA5MZL1ZgqB5Z4CNzc7g5W6Pr66tZiBr6YMVZ6pump,pump_program_buy|pump_program_sell,pumpfun,,,6,false,21,rHZMyqyWk7BWnz13zMMjnL7RyNppJHGSQMv6xVtVwdv
Gnay6JDnskhTpHgfMe1FwZ7rfgFJSm7uNbWpNgD3pump,pump_program_buy|pump_program_sell,pumpfun,,,6,false,24,BDwytHR85S1pBNejxDz7GMhZt4fVUmb7wYW2vs7GMsKY
GoSxbT7TgjsE6nmq6GNGby8HccybbYC2vAGwQrh2pump,pumpportal_ws,pumpfun,HAIRBALL,Hairball Kitten Crew,0,,0,
Gou1KXMNhvXb3URYWbQXKP6AukANMLFbvyCh2nsJpump,pump_program_sell,pumpfun,,,6,false,1,71rDoRZX3dnmfboFMMZBe1GNQ9Zn4gZQGcdi4kZJ4iuQ
GpPVE9Wv4xiMXrSKqL7da4nCLeGMJJMHYmvdBRzXpump,pump_program_sell,pumpfun,,,6,false,1,34V7pqixhjWPEN7A5LntVpeMQpSZyUbS4bw1PWkVd18B
GQHJoXvE8EXDr8BePQP2hvSQpDeykLGPsSeV7WwNpump,pumpportal_ws,pumpfun,CARDS,Cardification,0,,0,
Gr6dUXQKQwsfqtedc26GK4qLawCoxT7bk2cyFuwGpump,pump_program_sell,pumpfun,,,6,false,1,D7bJRiVvpZzHXbwFdqsEcokUgSfVv1edfGiYDSwvp5Bh
GrDNrSa5Hrx1Udi8AGn8JN3SF1MFTEoaAbPTZbdcpump,pump_program_sell,pumpfun,,,6,false,1,2FownGdueEPN4UUhzo2bdTBDePZWSRX9sp8WoE4XBQ7Q
GuH7FRg3VHweeXbWA6HHwc7JrKwMmkiguYLR5hB1pump,pump_program_buy|pump_program_create_v2,pumpfun,tst,test,6,false,2,FhEnEjRrET7wKvSh1tqZtxKigSGzEhWYQHGRa4s4YafQ
GuTY3xaqvxFmTawxGJ2notz5wrGz9Azah79TyiP9pump,pump_program_sell,pumpfun,,,6,false,1,HzbVD91maxqB79P9Vk5YeCvY41Qc7iauxb8okdbgyTqd
GWgEdVNZLQDTU6xVCQAbKB47xyifMAZNaNkTRx12pump,pump_program_buy|pump_program_sell,pumpfun,,,6,false,5,D3qUj5z9axsMfnxzi4eUBDTG84mfMyyV8X5Hp9VN9kEi
GxexBWWPnc9vY39f2FtqzDffGL2raeRLr7VU3USNpump,pump_program_sell,pumpfun,,,6,false,1,6uCeuKsSDpPukPX1T68c1ETokgjZLLg3RdodCbbZyrft
GXNXxbrm4nebA6qSUmzfoKMtzbrMRkpQZqHrGpHbpump,pump_program_sell,pumpfun,,,6,false,2,GUwDodi9an3nnmrXRNqUkWvp7m8mnNbWoC6eE3prRqqp
GYFB3yPqACD2k4XRoZifPM3PiooG8izoyKd4Mo8Apump,pump_program_sell,pumpfun,,,6,false,1,6txqPMYFcfwFK3jkX732Q6LXHER1EscCyQcffQD1RBGd
GyUQrrtcmFQJWjEQtAyVaNCuXdZhzb6o5cuDtdMdpump,pump_program_buy|pump_program_sell,pumpfun,,,6,false,7,AR7QsqHAcGvEhgiUa8U5GvnTVdVfoo5fPJ5kQY98iMuQ
H5EajVrJn96UxVQU5ThfZUqxcmbmpSG24pPaHp4zpump,pump_program_sell,pumpfun,,,6,false,4,GUPsZ87W9DgoBynesxmzd7X3Bco6DS5qHV7zUMBtLLQp
H8H2HHsBeaqerqvb1f8sodbk42UGYr3SZGmmb3cWpump,pump_program_sell,pumpfun,,,6,false,2,3HsiYcao53pKKVFUUckEnvmjMmELb6RftsnfDeSLAE9S
HBz164562nTkojwQTXsTKW64MpiiCDRQMVVN1csWpump,pump_program_buy|pump_program_sell,pumpfun,,,6,false,11,As1tioX7bUaH62ds4nGxLEmgXfcQmfmRc6nAXQcnRpXv
Hcae4GhA4CgnZELhVcdKWxY1Dyc4oom5toEXPAafpump,pump_program_sell,pumpfun,,,6,false,1,E9BXYARvmZdKHUtKDW96wubPaapvKn4AYwrVogBMApcj
HCcvNGBpBK3sgitB4NFqkWVtwp5eNzEj4MCSZwCGpump,pump_program_buy|pump_program_create_v2|pump_program_sell,pumpfun,JACKASS,Half Of A Jackass,6,false,20,7wxCafpKk2Ew1cwqaSHbeHxJDBNbNTLErBhGkgGGtx6r
HcMgoWxrXY5T9NPGaYmCKj4iPTAMzMJP5ckfWF48pump,pumpportal_ws,pumpfun,SCROLLHORS,Scrolling Horse,0,,0,
HDpd5jbf26DDa5o4GB5UtjKFrnihT3fdBJe59Tkgpump,pump_program_sell,pumpfun,,,6,false,3,7X172BF1PtbiiL9wWyjf57MC1AGkyXXmSJR2puLLSUZ6
HEZvRpWe6MKHNfJFKEEnroKiqaS6Qse2GuEaKakrpump,pump_program_sell,pumpfun,,,6,false,1,27bEcJwiFvzfi1YzqGZ4k65zfZAyHf7Wt7uTpexstvWJ
HfDbNXhNm4VUknbwxA6DYKx6ixHgbNqpY2U55e7MB2FV,pump_program_buy|pump_program_create_v2|pump_program_sell,pumpfun,NYCCF,New York City Children FUND,6,false,14,8RGFmmLVc98GEo2M6zET1irBmbm9ZVqnqZELAGsMo3JY
HFzCfvebY7PEisJShXxwfMSmi9ryUrTYumX4ift3ysGy,pump_program_create,pumpfun,TILLMAN,Malik Tillman,6,false,1,4PiQGJn1gVqwb4ueJ8ptNRUVuGkdaM455MLhve164J5y
HgcHLBcV1UuqWKR7amWRwU1pB68sb7rdt88Ndz5upump,pump_program_sell,pumpfun,,,6,false,4,BNzZJisw86WzvVXM9Ac4A9DnFvMFNnzx6nmrQmv2xQvG
HGHnxkHG4gWuUw8zpRJjskGM8hfV6iiCXNbeAQQepump,pump_program_sell,pumpfun,,,6,false,2,Apa8kxTWzbdTsrx5NBhzzXnzv9VBcau7UEC5yZp75DWo
HGTGMiEdkLm77dTD2x1LCo8RW164YyK1rBeuDhp1pump,pump_program_sell,pumpfun,,,6,false,2,3R5rC9rheH3zqySadGJom2MZ62RS36XWXGuVaqxAJE4q
HhXuBxWjTPE1vfH1mkojChbU5XG9NA4Etb1hRBsYpump,pump_program_buy|pump_program_create_v2|pump_program_sell,pumpfun,ACCELERANDO,Accelerando,6,false,289,7RinvJd3XEyTTvMRR7HsXHvVAvjgPtaL1Va6QAZqJ4NS
Hjr573RTqcHb8BTPhc2haBka6oTHHJyXNc6puPHxpump,pump_program_buy|pump_program_create_v2|pump_program_sell,pumpfun,MBAPPE,KYLIAN MBAPPE,6,false,32,Eo8sJT4hUSX3zAxapDtNfq2PTVvBeEKQDRZg2UhxhKDo
HLTyqxJC5WerpyksDeMTj4NirNRW4nMeibZS1Ei8p4KF,pump_program_create,pumpfun,BOUDIAF,Karim Boudiaf,6,false,1,HbpkgVNBgmjwoqb1E9AEeDbEfqoxUJHrTTxPbTrLqTnJ
HMnh1sPkHab6cbjPB6CR99NBxPwugy7zASdKSPpLpump,pump_program_sell,pumpfun,,,6,false,2,F3uRmX2ryByYEGuEk5Rr1w9QCmZE8M4HwSF87gXG7eCz
HMSUD6e4jzQcupd8iBVctUYAuLfKeMt5r49US8mR74mQ,pump_program_create,pumpfun,SHOMURODOV,Eldor Shomurodov,6,false,1,9K1VwFb6RtC5Z9AAxS1q7WNcWWgvHF7J9o9HLtqFCRWX
HNFjHsaCeZHRjZ4KnnG3WGZnuEN3ckg5xrBZ4WxNpump,pump_program_sell,pumpfun,,,6,false,1,843azcxZCzRPbY2bug9dLWw9pUKx6CsE3wh2iL251xWL
HpoFMe7oGthGwcC4mLAqe2eYwr8sDox3zKmt6ANcWjKp,pump_program_buy|pump_program_sell,pumpfun,,,6,false,9,493dWBD1bjrVYNoX7bCsJxxr679h4H7jceuc1DWAQuxY
HQEVH8sBMSq9LrF5jPMmKtZiy1xHqk1A8e5jLekApump,pump_program_buy|pump_program_create_v2|pump_program_sell,pumpfun,STY,SATOSKY,6,false,4,FNgrg9Aee1137yzZXpsrvrHbgjZozBoLqWoWDccRCp5d
HQUtK8dKufiDky6xUp98mFn8yNsG9K92zDwetQ8Rpump,pump_program_buy|pump_program_sell,pumpfun,,,6,false,11,AamTAtRBGZZvYRBa8Xae7i7EaG8TFRseCEc1QHMCxNn4
HRFia5aNz7Xnqi3pM72KuCSzJc5NEtJibiqrE11Hpump,pump_program_buy|pump_program_create_v2,pumpfun,JACKASS,PHOTO IS THE SAME AS DESCRIBED,6,false,3,EPJpcdXoWdJBo7H48hYueqhoEyij9cGqHzgGsTLK1pC1
HuWRudrPcyQPUrTearUN2TfuibkbcYP1hmoTgncKTsNg,pump_program_buy|pump_program_sell,pumpfun,,,6,false,21,CAUXD2z685vZ8SKAwdzE3eMz5idbZBSgTD9SxKwZvbso
HwaaaEAvtBtsgu3axegwj5rUoVyVoFnNiDR1aeYopump,pump_program_sell,pumpfun,,,6,false,1,D67Qg5ecsWdHPR8p1wykPL7BKsqq4Df7f7tsYzzT5LyT
HWAKRRbT1nmeV2PU56AxpKXG1eEqpoDZqatgxad6pump,pump_program_buy|pump_program_sell,pumpfun,,,6,false,2,CmmFuZHhnKmusvwrJFmqcqBL98cAf49Kxbwww3cbxQRx
Hwfe5HYJdt7Cxgu2VUcXo4fbZNcxU82ngujbaxxspump,pump_program_buy,pumpfun,,,6,false,1,Ab5zhgJtbHkLdACkLWzpGGsr1VRaG59wLsXhxWtJ9FUL
HWobXgLwWargow7uwDjSmdJhCAn1aHWQjn8p14zVpump,pumpportal_ws,pumpfun,ARTH,ARTHURIUM,0,,0,
HwW8iNJY8JLMqaQykXp9TNq3BVSwbyuH5SkX3qH3pump,pump_program_buy|pump_program_create_v2|pump_program_sell,pumpfun,GRAIL,Grail,6,false,36,HoEAdvYpRNadvRzaMmaAzPL7xe4VfZfzZ5wqAcCgs8LE
Hx9zdCBZ6JxtAn9JH3GfgQHrVw218htZkgYrbo4Gpump,pumpportal_ws,pumpfun,PF,Project Freedom,0,,0,
HXBjjBBpsWdtsppdcqRa68Yx5Jjt4Z1RdL7hoJtSpump,pump_program_sell,pumpfun,,,6,false,1,3bf52nvaaT4CSQCgqLYqzeKZ9QHCT6sbdHEP3m6FaBFz
Hyi65fDBdE6RT8AjSWPoWBKWaTMYKKFoCRJbNcafpump,pump_program_buy|pump_program_create_v2|pump_program_sell,pumpfun,MBAPPE,KYLIAN MBAPPE,6,false,10,3GzAptyKajgsaB4WhdUou3Dr2j8oe17Ks5V1GikMjVvq
HzePPKarLcfU57APQpbBaWHKWbYuS488ZWRDZ1Dspump,pump_program_create_v2,pumpfun,WHTF,CHECK PIC OF MAIN,6,false,1,2ajQt7G8RqMyE2esGG3s6yrkYfdF5qDDLAkLQbz7bmWg
HZSmxnG8xaN6CTxnMtLYn7ohxFhRDiWB5Mu7uKqN9joT,pump_program_sell,pumpfun,,,6,false,2,6pCN3VcuGopZmpSEmXRNVnwbUqMFwKjfybUhjxHzsr9a
J28xL5FrUJapsRxP382pc9UpRtK5eWsv7NyXZ3eHpump,pump_program_sell,pumpfun,,,6,false,1,HJKgKeK9duvmB2phCudSvSWQESkfZrbL7FKx8zQZYb8s
J2exVgU3WiTSjahZsLRM4XnZ9uzWRk7sfXVLRJN8pump,pumpportal_ws,pumpfun,Group,Back To Group,0,,0,
J31yq8ek89pTi4zUy3cpbfaGRSFvVZFNKpS8a7n2pump,pump_program_sell,pumpfun,,,6,false,1,CGgRecKYrq7VcKmVpRdD4w45P1mkDhs57bJFv3UPc1zB
J5HxXXoXbW5ywoPBs4EKc5XqzzyHGProZbrDxuJCpump,pump_program_buy|pump_program_create_v2|pump_program_sell,pumpfun,Ummu,Ummu Hub,6,false,10,BvUURcqVESWivGoYhAVLfAPHhCqMdgiAUdddKreGv4WE
JBHhHe58RaCk7ocpCDxnxAY4BG6QZmGgbb9ihWQMCTd,pump_program_buy,pumpfun,,,6,false,1,9L3gcvP3MkSbd7aAzzqgbQWQrGpf6G4peeUwiHCxcFdQ
JBLRgpvCkkskpN4pSFLr5z6VTesYGvinAUP8HBHCpump,pump_program_sell,pumpfun,,,6,false,1,9ovNjczXg7iG4khnnBuEb3QmNCrVUPwi9zJqcjXLYdvR
JZYXYes9Nb7pMUzmRkqYuCQazuZoKQ59AgCJFX2pump,pump_program_sell,pumpfun,,,6,false,2,DxVpgFiEn499rwBwNjNTqmvuhkCb6t8ZVSeq2MvHKouA
KF7fUb7M9dQBaUCBcQAz6weqzhaiWJtW3QaJC3jJcYd,pump_program_sell,pumpfun,,,6,false,1,E74uzV6gcCA8wWqcop9Mme9MtWsGtrdoNqTczSqnpGt7
pMWubsd7pmENDygXHiFyXw3bpuYfcTWPYDCbx58pump,pump_program_buy|pump_program_sell,pumpfun,,,6,false,6,GDdM5D5Cvi7GL5PXyPJtwXYf2eY9bVkXgQrMqQPaTGUs
sBaoEDPAfyDUocNN8QGLWkBzBFTvQkf9iTmyA7Ppump,pump_program_buy|pump_program_create_v2|pump_program_sell,pumpfun,kyoryui,ティラノサウルス,6,false,209,9Wk3ohVK6Z1NZvhL83YA5LxvoTVmJmKA5iQMMHaX6zpS
sKqW8HCeSXAWgBeetX93J4sSJb5SPTAtwLLGg5Wpump,pump_program_sell,pumpfun,,,6,false,1,ASEUk5mZvFdiQ8b6DyAHJnygcWYHa6emCqr1cZjoBzdo
tRbDC5Zpxt4Q8uaU7TJA6AmYVw583XHooVouhZEpump,pump_program_sell,pumpfun,,,6,false,1,FFPya7aneYpATaKRkvdwp5hp8MBLgYYqNy2eh6QMPRc1
twuH9xFoyWfpJUwuGdKfzaVok9sVo87VTXev7pVpump,pump_program_sell,pumpfun,,,6,false,2,BTKZy8bQKcMUGMmmd3u5dkAZmqyWbFtdHbUsEWEZBeYj
UZJW8KP1a3WW2DWbSwmj1VcmKNMVhjiv87jrmgZzcbo,pump_program_create,pumpfun,BRAHIM,Brahim Díaz,6,false,1,GBbWvPQYoeWhz58PqKQjb5CQ9XAJLbNxRF1Hs6WdHCm9
vd5PEvA1nocZdCBoogC2wRV8i5733NgV9JPzi34pump,pump_program_buy,pumpfun,,,6,false,4,AZacySHCd77bmK8fFaxTxCNh4xgFPJeM1QjUktu5CQsT
vg7EXDafcrBnAMePgx6ouXSvUPhAkyrtiSB3D4dpump,pump_program_buy|pump_program_create_v2|pump_program_sell,pumpfun,Aineko,Aineko,6,false,7,6bxZpYq2QojWm4hwSCwenvANGkavgLnACnq1utPVd7Yo
ydm6FnL1BLKYJie2opqG6HvDqLZURry9t1Xija5pump,pump_program_buy|pump_program_sell,pumpfun,,,6,false,12,3Go12tqTJA11STC1FrtCvyoSGM6LKyYNPRoauk5i915H
